test_suite,[img_level] iskill_miss_p_value,[img_level] iskill_miss_cohens_h,[img_level] iskill_miss_power,[img_level] iskill_miss_count,[img_level] iskill_ghost_p_value,[img_level] iskill_ghost_cohens_h,[img_level] iskill_ghost_power,[img_level] iskill_ghost_count,[img_level] iskill_miss_ghost_p_value,[img_level] iskill_miss_ghost_cohens_h,[img_level] iskill_miss_ghost_power,[img_level] iskill_miss_ghost_count,[obj_level] kill_rate_miss_mean,[obj_level] kill_rate_miss_std,[obj_level] kill_rate_ghost_mean,[obj_level] kill_rate_ghost_std,[obj_level] kill_rate_miss_ghost_mean,[obj_level] kill_rate_miss_ghost_std,[match] iou_mean,[match] match_rate,[match] vr_diff,[match] ie_diff,[match] mi_diff,[match] var_diff,[match] ps_diff,[miss] miss_rate,[miss] vr_diff,[miss] ie_diff,[miss] mi_diff,[miss] var_diff,[miss] ps_diff,[ghost] ghost_rate,[ghost] vr_diff,[ghost] ie_diff,[ghost] mi_diff,[ghost] var_diff,[ghost] ps_diff
35_Basketball_Basketball_35_180,1.0000000000000001e-20,2.9412578112666736,1.0,10,1.0000000000000001e-20,2.9412578112666736,1.0,10,1.0000000000000001e-20,2.9412578112666736,1.0,10,0.3809523809523809,0.0638876564999939,0.3018878792585689,0.0831688014969085,0.5707909048210773,0.0424959710330261,0.4600351570470926,0.6842105263157894,0.367509683299157,0.2531848463160019,0.3559723400078884,0.9447982892657636,0.9704959527847836,0.8,0.8,0.5749093648988878,0.7999993499237664,0.8,0.8,0.1319444444444444,0.1319444444444444,0.0937935311918747,0.13104530136779,0.0822363647401509,0.1057555661699109
12_Group_Group_12_Group_Group_12_28,1.0000000000000001e-20,2.9412578112666736,1.0,10,1.0000000000000001e-20,2.9412578112666736,1.0,10,1.0000000000000001e-20,2.9412578112666736,1.0,10,0.0791666666666666,0.0224381866963937,0.1297202990833822,0.0749362872649166,0.1977307869802798,0.0810982985883417,0.2518602211820344,0.9208333333333334,0.2029632867132866,0.0949854526616623,0.1597448489771839,0.9711046162617052,0.99143327874671,0.38,0.38,0.197327541929746,0.3799989571557596,0.38,0.38,0.1117647058823529,0.1117647058823529,0.086268703824536,0.1116730284160432,0.0918145948395537,0.102961766384285
12_Group_Group_12_Group_Group_12_417,1.0000000000000001e-20,2.9412578112666736,1.0,10,1.0000000000000001e-20,2.9412578112666736,1.0,10,1.0000000000000001e-20,2.9412578112666736,1.0,10,0.4375,0.0796040548939283,0.2703306307860388,0.0417596473391604,0.5898943898184885,0.0597250320356431,0.5175683996576608,0.6136363636363634,0.4097796143250689,0.3290441848311831,0.4057708500782503,0.96871517650561,0.9255940930040316,0.8076923076923078,0.8076923076923078,0.6156175479141981,0.8076910769080368,0.8076923076923078,0.8076923076923078,0.1607142857142857,0.1607142857142857,0.1023982923519574,0.1589635140018808,0.0804031939275331,0.0972206300788143
12_Group_Team_Organized_Group_12_Group_Team_Organized_Group_12_458,1.0000000000000001e-20,2.9412578112666736,1.0,10,1.0000000000000001e-20,2.9412578112666736,1.0,10,1.0000000000000001e-20,2.9412578112666736,1.0,10,0.1055555555555555,0.0388888888888888,0.2274131231087752,0.0869211545674525,0.3096366548105678,0.0770660481366699,0.2280124934303583,0.9470588235294118,0.1620256214373861,0.1017664202659936,0.1120307531609461,0.9493990352708748,0.9884751555415712,0.475,0.475,0.393673752062958,0.4749989733020321,0.475,0.475,0.1435897435897435,0.1435897435897435,0.0978920023538967,0.1419891425799407,0.0778923401886534,0.0977607460371149
55_Sports_Coach_Trainer_sportcoaching_55_516,1.0000000000000001e-20,2.9412578112666736,1.0,10,1.0000000000000001e-20,2.9412578112666736,1.0,10,1.0000000000000001e-20,2.9412578112666736,1.0,10,0.3206896551724137,0.0346547435211065,0.1528450599216728,0.0609966485571086,0.4257353724692435,0.0339117985517526,0.4618733755646719,0.6793103448275865,0.3478265412748171,0.3005107708489394,0.3447893509219056,0.9585713682637276,0.9692825689642875,0.6642857142857143,0.6642857142857143,0.5515538801150748,0.6642847919205777,0.6642857142857143,0.6642857142857143,0.1317073170731707,0.1317073170731707,0.0922663438890571,0.131474168888786,0.0873464948011214,0.1005117563506717
20_Family_Group_Family_Group_20_255,1.0000000000000001e-20,2.9412578112666736,1.0,10,1.0000000000000001e-20,2.9412578112666736,1.0,10,1.0000000000000001e-20,2.9412578112666736,1.0,10,0.4238095238095237,0.0720606950020074,0.2906586242649277,0.0949328440945391,0.593266473142344,0.0634178204961047,0.5029006218890895,0.6368421052631579,0.4353349282296651,0.3150081370105074,0.4036467451365801,0.970348352535825,0.9542188281588476,0.6846153846153846,0.6846153846153846,0.5072984278595093,0.6846148885832123,0.6846153846153846,0.6846153846153846,0.1213333333333333,0.1213333333333333,0.0875174295281566,0.1202616718398938,0.0849731717636264,0.1055642403853402
20_Family_Group_Family_Group_20_579,0.0042662002428314,0.7269603756784926,0.6241903615999997,2,9.910000000000005e-18,2.297756702473389,0.9999999909,9,9.910000000000005e-18,2.297756702473389,0.9999999909,9,0.02,0.04,0.2496642246642246,0.1246241111307323,0.2629120879120878,0.1346460307494675,0.2082664106814168,0.98,0.2227139527139527,0.1090026457142285,0.1377901860858878,0.9901300616126376,0.9949696042384673,0.1,0.0999999999999999,0.0590156193851208,0.0999999386306542,0.0999999999999999,0.0999999999999999,0.115625,0.1156249999999999,0.0840618036256694,0.1152507327808499,0.0851302718083888,0.1156249999999999
50_Celebration_Or_Party_birthdayparty_50_43,1.0000000000000001e-20,2.9412578112666736,1.0,10,1.0000000000000001e-20,2.9412578112666736,1.0,10,1.0000000000000001e-20,2.9412578112666736,1.0,10,0.3043478260869564,0.0614875461901345,0.1535446822259702,0.0888283068473934,0.4091031173300443,0.0943052648155151,0.4093533438757705,0.7272727272727272,0.3509198377380195,0.2606506227905066,0.3311799492269154,0.9651274818143364,0.9517446412601656,0.6363636363636364,0.6363636363636364,0.4797418967205843,0.6363631240540595,0.6363636363636364,0.6363636363636364,0.1184210526315789,0.1184210526315788,0.0875353304927275,0.1182030201566751,0.0865917768654617,0.1105441629054453
58_Hockey_icehockey_puck_58_825,1.0000000000000001e-20,2.9412578112666736,1.0,10,1.0000000000000001e-20,2.9412578112666736,1.0,10,1.0000000000000001e-20,2.9412578112666736,1.0,10,0.1666666666666666,0.0185185185185185,0.1396147151764095,0.0712513162293105,0.282544509561661,0.0663762344893381,0.2857783501177912,0.9,0.1588708624708624,0.1057327276182524,0.1426068142347205,0.9595783258012108,0.9741961225356331,0.6428571428571427,0.6428571428571427,0.4720285780950611,0.64285580057983,0.6428571428571427,0.6428571428571427,0.1149999999999999,0.1149999999999999,0.0858830092825024,0.1143924629145191,0.0932542138471827,0.0977331621605694
20_Family_Group_Family_Group_20_101,1.0000000000000001e-20,2.9412578112666736,1.0,10,1.0000000000000001e-20,2.9412578112666736,1.0,10,1.0000000000000001e-20,2.9412578112666736,1.0,10,0.217391304347826,0.0388881387391267,0.2165992190921033,0.0873623752589913,0.3889579076047292,0.0540238419613834,0.2969789508925859,0.8571428571428573,0.2215828615828615,0.1634031844602396,0.1993880426843357,0.9620980645719812,0.9770763183883604,0.5,0.5,0.4009636667909719,0.4999999239594449,0.5,0.5,0.1488888888888888,0.1488888888888888,0.0954323035987514,0.1472913474023363,0.0865621545974356,0.1075531597302546
40_Gymnastics_Gymnastics_40_891,1.0000000000000001e-20,2.9412578112666736,1.0,10,1.0000000000000001e-20,2.9412578112666736,1.0,10,1.0000000000000001e-20,2.9412578112666736,1.0,10,0.2054054054054054,0.0439137211061403,0.1631508915552361,0.0371302912891527,0.3347857239399072,0.0503004685636115,0.3327796412208,0.84,0.2273102453102453,0.1563676436159594,0.2091864133641117,0.9488108846180092,0.9754133926224364,0.5846153846153845,0.5846153846153845,0.4341355071802205,0.5846142072994628,0.5846153846153845,0.5846153846153845,0.1351851851851851,0.1339506172839505,0.090071295572079,0.1316524656031635,0.0801408970002472,0.1114681900377795
12_Group_Large_Group_12_Group_Large_Group_12_550,1.0000000000000001e-20,2.9412578112666736,1.0,10,1.0000000000000001e-20,2.9412578112666736,1.0,10,1.0000000000000001e-20,2.9412578112666736,1.0,10,0.3857142857142857,0.0497157452805264,0.3366224318739175,0.0685123747945351,0.5935809250643717,0.0438874805554226,0.4496334897534726,0.7166666666666666,0.416478428978429,0.2337242112893471,0.3688485804703706,0.973718767864078,0.9836343530847445,0.6230769230769231,0.6230769230769231,0.4721468924550765,0.6230764710509138,0.6230769230769231,0.6230769230769231,0.1325301204819277,0.1325301204819277,0.085358199827697,0.1311262241599652,0.0908878644647633,0.1028868797749374
16_Award_Ceremony_Awards_Ceremony_16_25,1.0000000000000001e-20,2.9412578112666736,1.0,10,1.0000000000000001e-20,2.9412578112666736,1.0,10,1.0000000000000001e-20,2.9412578112666736,1.0,10,0.1857142857142856,0.0473803541479342,0.281879407889638,0.0898327782952368,0.4164629488158899,0.0712021233532023,0.3301103420896794,0.8142857142857143,0.2910874839446267,0.2044775436455363,0.2638679093648686,0.9621758149150064,0.978694120523274,0.65,0.65,0.524407522817772,0.6499993965390223,0.65,0.65,0.145,0.1449999999999999,0.0991299292889664,0.1445587746090676,0.0756380167397005,0.1052244966988159
20_Family_Group_Family_Group_20_294,1.0000000000000001e-20,2.9412578112666736,1.0,10,1.0000000000000001e-20,2.9412578112666736,1.0,10,1.0000000000000001e-20,2.9412578112666736,1.0,10,0.15,0.0384654629081036,0.1902225600755012,0.0473483579572211,0.3111266333692804,0.0584680339580862,0.2916694276653643,0.8814814814814814,0.2622561183672294,0.1312869616054979,0.2051996962949336,0.9577613723307012,0.9723916013080172,0.4666666666666665,0.4666666666666665,0.3282411631127189,0.4666662520324273,0.4666666666666665,0.4666666666666665,0.124074074074074,0.124074074074074,0.0859220186187513,0.1227893411749438,0.0892783997310249,0.1037513337063482
11_Meeting_Meeting_11_Meeting_Meeting_11_349,1.0000000000000001e-20,2.9412578112666736,1.0,10,1.0000000000000001e-20,2.9412578112666736,1.0,10,1.0000000000000001e-20,2.9412578112666736,1.0,10,0.4555555555555555,0.0947706783846221,0.317480688974275,0.0750817614525939,0.6336646829950111,0.0510013997345732,0.5883770184360099,0.56,0.5031388452817024,0.3338235437907608,0.4766082345405503,0.9358762403092252,0.9478260139883586,0.5466666666666666,0.5466666666666666,0.4078864913087551,0.5466658512180387,0.5466666666666666,0.5466666666666666,0.15,0.15,0.0945977446194149,0.148361930884927,0.0780149370297986,0.1034908068482042
20_Family_Group_Family_Group_20_33,1.0000000000000001e-20,2.9412578112666736,1.0,10,1.0000000000000001e-20,2.9412578112666736,1.0,10,1.0000000000000001e-20,2.9412578112666736,1.0,10,0.1607142857142857,0.0287937776724948,0.1616070981188828,0.0641883831681427,0.2963779313039649,0.0584917984435646,0.3087846725579481,0.8703703703703705,0.2564342447675781,0.1537849234549047,0.2042623667097649,0.9541687696784892,0.9757768760130716,0.6428571428571429,0.6428571428571429,0.4956209869215621,0.6428559706088476,0.6428571428571429,0.6428571428571429,0.1166666666666666,0.1166666666666666,0.0889727317173077,0.1161868758083596,0.086324380344121,0.1104626804306105
58_Hockey_icehockey_puck_58_785,1.0000000000000001e-20,2.9412578112666736,1.0,10,1.0000000000000001e-20,2.9412578112666736,1.0,10,1.0000000000000001e-20,2.9412578112666736,1.0,10,0.1999999999999999,0.0356348322549899,0.2372110559691205,0.0603799523541671,0.3905284046896949,0.0458086350584954,0.3324564026750619,0.8400000000000002,0.2773176823176823,0.1477043959864457,0.218106554427463,0.9608152979546928,0.9821155726980736,0.6,0.6,0.4243686467120756,0.5999995572245863,0.6,0.6,0.1675,0.1658333333333333,0.1023087818858592,0.1652932364744789,0.0738939724030179,0.0977955855766949
20_Family_Group_Family_Group_20_759,1.0000000000000001e-20,2.9412578112666736,1.0,10,1.0000000000000001e-20,2.9412578112666736,1.0,10,1.0000000000000001e-20,2.9412578112666736,1.0,10,0.4318181818181818,0.0547345208126922,0.1697955473600393,0.0718811881287029,0.5300112959098063,0.045035382374265,0.47729212331755,0.6578947368421053,0.4581970660918029,0.2791602161946816,0.4207609081129361,0.9711534371532444,0.9791013101755432,0.6785714285714285,0.6785714285714285,0.507160230843646,0.6785708800607754,0.6785714285714285,0.6785714285714285,0.1205128205128204,0.1205128205128204,0.0869046043583665,0.1203201548449678,0.0917216186686207,0.1053249853575818
12_Group_Group_12_Group_Group_12_522,1.0000000000000001e-20,2.9412578112666736,1.0,10,1.0000000000000001e-20,2.9412578112666736,1.0,10,1.0000000000000001e-20,2.9412578112666736,1.0,10,0.1624999999999999,0.0435012771204606,0.1791295442908346,0.038305795396864,0.3127171872333162,0.0449175435324121,0.3240394445565375,0.8375,0.2244241869241869,0.2048916212813306,0.2109074413778381,0.9594697656445976,0.9750538969739824,0.4333333333333333,0.4333333333333333,0.3667787724198155,0.4333327468958761,0.4333333333333333,0.4333333333333333,0.1472222222222222,0.1472222222222221,0.094218128656057,0.1458755344110502,0.0802959001930999,0.1057392553442901
12_Group_Group_12_Group_Group_12_912,1.0000000000000001e-20,2.9412578112666736,1.0,10,1.0000000000000001e-20,2.9412578112666736,1.0,10,1.0000000000000001e-20,2.9412578112666736,1.0,10,0.3666666666666666,0.0793492047615872,0.2249813519813519,0.0841452581912244,0.5078495208495208,0.0890779722343097,0.4295071428774504,0.7125000000000001,0.4099797771672772,0.2566488864115862,0.3543383850390537,0.9690923532294996,0.9689113693396968,0.5999999999999999,0.5999999999999999,0.4613802058354084,0.5999994004932186,0.5999999999999999,0.5999999999999999,0.1309523809523809,0.1309523809523809,0.0882977137458375,0.1299164321336872,0.0835450349097572,0.1071845162133308
12_Group_Group_12_Group_Group_12_84,1.0000000000000001e-20,2.9412578112666736,1.0,10,9.910000000000005e-18,2.297756702473389,0.9999999909,9,1.0000000000000001e-20,2.9412578112666736,1.0,10,0.1,0.0333333333333333,0.1353036437246963,0.1011183023922638,0.2192914979757085,0.1105034359201954,0.1825184315637784,0.981818181818182,0.1061718584445857,0.0868382227780124,0.0946469173294474,0.976468454338662,0.9924205877081148,0.4000000000000001,0.4000000000000001,0.2881497725323375,0.3999995438612456,0.4000000000000001,0.4000000000000001,0.1235294117647058,0.1235294117647058,0.0885240037333031,0.123404025604385,0.0823974373054466,0.1059465448778747
37_Soccer_soccer_ball_37_851,0.0001138491179057,0.9589446384042888,0.8506916541,3,1.0000000000000001e-20,2.9412578112666736,1.0,10,1.0000000000000001e-20,2.9412578112666736,1.0,10,0.0285714285714285,0.0473803541479342,0.155719814241486,0.0703870421543629,0.1807688338493292,0.0704883225892747,0.200787919255925,0.9714285714285714,0.1754453879453879,0.1012202012386696,0.1276400559602909,0.978076349991304,0.9926012473120313,0.1333333333333333,0.1333333333333333,0.0803431548578992,0.133333167002966,0.1333333333333333,0.1333333333333333,0.1038461538461538,0.1038461538461538,0.0817970492673588,0.103842617311593,0.0961547785471047,0.1038461538461538
12_Group_Group_12_Group_Group_12_379,1.0000000000000001e-20,2.9412578112666736,1.0,10,1.0000000000000001e-20,2.9412578112666736,1.0,10,1.0000000000000001e-20,2.9412578112666736,1.0,10,0.1783783783783784,0.0132404850961252,0.1189295187024818,0.0430284476798522,0.2759756715348309,0.0391596184506903,0.2582276616422103,0.9212121212121211,0.1766249911704457,0.1101943545073983,0.1427292545001616,0.9505378601062464,0.983311330502378,0.4714285714285713,0.4714285714285712,0.3756382636012566,0.4714281048048582,0.4714285714285712,0.4714285714285712,0.1159090909090908,0.1159090909090908,0.0822191312133802,0.1151501941238087,0.0910174500561427,0.1045653712895105
2_Demonstration_Political_Rally_2_491,1.0000000000000001e-20,2.9412578112666736,1.0,10,1.0000000000000001e-20,2.9412578112666736,1.0,10,1.0000000000000001e-20,2.9412578112666736,1.0,10,0.3764705882352941,0.0539126552347745,0.3325639995296376,0.0617267798776824,0.5816294449667521,0.0667909408450871,0.4648426378023508,0.7066666666666666,0.3980455100455101,0.2247883102712913,0.3531694869677267,0.9560849258841864,0.959256903014538,0.5333333333333333,0.5333333333333333,0.3874895552394108,0.5333324218308025,0.5333333333333333,0.5333333333333333,0.1208333333333333,0.1208333333333333,0.0866176229676615,0.1200314325444822,0.088850651235428,0.1057082437774644
35_Basketball_basketballgame_ball_35_201,1.0000000000000001e-20,2.9412578112666736,1.0,10,1.0000000000000001e-20,2.9412578112666736,1.0,10,1.0000000000000001e-20,2.9412578112666736,1.0,10,0.2588235294117647,0.0655031101509414,0.4903180278180278,0.0728368610385789,0.6196929846929847,0.0786556133444261,0.4456085805631143,0.7411764705882353,0.360737889561419,0.2024880188439142,0.3203297190325481,0.9891324252324436,0.9676949485516412,0.4888888888888889,0.4888888888888889,0.3338341001347047,0.4888883253559347,0.4888888888888889,0.4888888888888889,0.2023809523809524,0.2002513227513228,0.1060719846904085,0.1973166016379955,0.0690622439269739,0.0947543177283744
20_Family_Group_Family_Group_20_326,1.0000000000000001e-20,2.9412578112666736,1.0,10,1.0000000000000001e-20,2.9412578112666736,1.0,10,1.0000000000000001e-20,2.9412578112666736,1.0,10,0.2526315789473684,0.0613784409983715,0.2843240284619595,0.1094610555468889,0.4664734393454902,0.0819000833833589,0.4145749926185036,0.7473684210526316,0.3863601310969732,0.2351404171848684,0.3293644469420592,0.94577604451175,0.970805339728268,0.5333333333333333,0.5333333333333333,0.3860994304160354,0.5333329690675552,0.5333333333333333,0.5333333333333333,0.128125,0.128125,0.0903640366363158,0.1276184139419347,0.0898196665406705,0.0972849869068306
12_Group_Large_Group_12_Group_Large_Group_12_72,1.0000000000000001e-20,2.9412578112666736,1.0,10,1.0000000000000001e-20,2.9412578112666736,1.0,10,1.0000000000000001e-20,2.9412578112666736,1.0,10,0.2307692307692307,0.0486504255410519,0.2164040616246498,0.082973649195865,0.3971043417366947,0.0745532231993509,0.3207099304847103,0.8333333333333334,0.2501692751692752,0.1883279365651124,0.2274634120051601,0.9660188354115596,0.977245129578867,0.6,0.6,0.4317751385798358,0.5999986281226487,0.6,0.6,0.1225806451612903,0.1225806451612903,0.0885337590320326,0.1217047401589551,0.0848750036861843,0.1096929724985068
40_Gymnastics_Gymnastics_40_659,1.0000000000000001e-20,2.9412578112666736,1.0,10,1.0000000000000001e-20,2.9412578112666736,1.0,10,1.0000000000000001e-20,2.9412578112666736,1.0,10,0.415,0.0390512483795332,0.1505991110338936,0.0689682855925953,0.5051280313889009,0.0269085394569719,0.4775609709208592,0.6499999999999999,0.4095935545935546,0.3112592960321441,0.3868403714547962,0.94331335055956,0.9494368816460852,0.8299999999999998,0.8299999999999998,0.639672372917867,0.8299990901803698,0.8299999999999998,0.8299999999999998,0.115625,0.1156249999999999,0.0900751911429145,0.1154935448563583,0.0845570585620004,0.1156249999999999
21_Festival_Festival_21_976,1.0000000000000001e-20,2.9412578112666736,1.0,10,1.0000000000000001e-20,2.9412578112666736,1.0,10,1.0000000000000001e-20,2.9412578112666736,1.0,10,0.4709677419354838,0.0580645161290322,0.3603964555626689,0.0955796692448796,0.6586446300726322,0.0778852103812054,0.5232990445579735,0.6074074074074076,0.4090218423551757,0.3204394919767207,0.4104756942531019,0.9084235627450504,0.952372284832418,0.6952380952380952,0.6952380952380952,0.5408607602379,0.6952373001892012,0.6952380952380952,0.6952380952380952,0.1712962962962963,0.1705555555555556,0.1033773684242105,0.1691441117090263,0.0804176856298633,0.1019542567737657
20_Family_Group_Family_Group_20_914,1.0000000000000001e-20,2.9412578112666736,1.0,10,1.0000000000000001e-20,2.9412578112666736,1.0,10,1.0000000000000001e-20,2.9412578112666736,1.0,10,0.4375,0.0858980338670346,0.2875448985465963,0.0708850357965948,0.6040336270387204,0.0403957906333974,0.5691063077405228,0.5625,0.5414978077478078,0.3660265837434361,0.5048083310623719,0.9634999056893904,0.9286341539091404,0.5526315789473684,0.5526315789473684,0.4266779629316097,0.5526302907548928,0.5526315789473684,0.5526315789473684,0.1428571428571428,0.1428571428571428,0.0948977570862472,0.1422850912836586,0.0852878733765015,0.1060265468885219
42_Car_Racing_Car_Racing_42_906,1.0000000000000001e-20,2.9412578112666736,1.0,10,9.910000000000005e-18,2.297756702473389,0.9999999909,9,1.0000000000000001e-20,2.9412578112666736,1.0,10,0.1666666666666666,0.0614636297152859,0.2120173343243406,0.1301908747005749,0.3412362791197426,0.1290863368245593,0.2399822295157569,0.9615384615384616,0.1860901918594226,0.0744488820508737,0.089399741125335,0.9529937890243936,0.9887939948438638,0.3571428571428571,0.3571428571428571,0.2612694969302897,0.3571427803300239,0.3571428571428571,0.3571428571428571,0.1069767441860465,0.1069767441860464,0.079685725306652,0.1069721893150846,0.095465984385516,0.1000843554466572
10_People_Marching_People_Marching_2_793,1.0000000000000001e-20,2.9412578112666736,1.0,10,1.0000000000000001e-20,2.9412578112666736,1.0,10,1.0000000000000001e-20,2.9412578112666736,1.0,10,0.2944444444444444,0.089752746785575,0.2410415671285236,0.0809467988692223,0.4645640229335881,0.0859614357869059,0.4480226791564247,0.7055555555555554,0.3835612535612535,0.2600853294631707,0.3501100220657323,0.9803333512814504,0.96709505244463,0.53,0.53,0.3921003282225007,0.5299991929208944,0.53,0.53,0.1578947368421052,0.1578947368421052,0.0934958494844988,0.1548248777803282,0.0801872132931851,0.0950621523687788
12_Group_Group_12_Group_Group_12_80,2.4167843198740007e-08,1.370461484471777,0.9892578125,5,9.910000000000005e-18,2.297756702473389,0.9999999909,9,9.910000000000005e-18,2.297756702473389,0.9999999909,9,0.0238095238095238,0.0238095238095238,0.1213889215817687,0.0924727396581183,0.141701988598903,0.0976199817094966,0.1954701163323177,0.976190476190476,0.1578948828948828,0.0681015275219865,0.1106997471223485,0.9575817776051084,0.9894283422066378,0.1,0.0999999999999999,0.0567966049700641,0.0999999898165585,0.0999999999999999,0.0999999999999999,0.1230769230769231,0.123076923076923,0.0894025373445673,0.1224771529815965,0.0909520424312188,0.1086283210678114
55_Sports_Coach_Trainer_sportcoaching_55_789,1.0000000000000001e-20,2.9412578112666736,1.0,10,1.0000000000000001e-20,2.9412578112666736,1.0,10,1.0000000000000001e-20,2.9412578112666736,1.0,10,0.1703703703703703,0.033945005147821,0.118893249847746,0.0771732066836301,0.2689757433767957,0.0712374583459861,0.2451158090705534,0.9333333333333332,0.2476800976800976,0.0988396767807215,0.1757099766091031,0.9786094655636502,0.9927267086541048,0.3833333333333332,0.3833333333333332,0.2768677106082288,0.3833326997400157,0.3833333333333332,0.3833333333333332,0.121875,0.1218749999999999,0.0866905196453834,0.1216675807229356,0.0867217942014151,0.1033161761550248
13_Interview_Interview_2_People_Visible_13_223,1.0000000000000001e-20,2.9412578112666736,1.0,10,1.0000000000000001e-20,2.9412578112666736,1.0,10,1.0000000000000001e-20,2.9412578112666736,1.0,10,0.4933333333333333,0.0799999999999999,0.3201833907093374,0.1019670003804506,0.6536621474209132,0.0853564374021027,0.551778996752311,0.5846153846153845,0.5274425574425575,0.2560753704205808,0.4996419604468076,0.9785501801557628,0.972041317370418,0.4933333333333334,0.4933333333333333,0.3174235487288674,0.4933325515736434,0.4933333333333333,0.4933333333333333,0.1288135593220338,0.1288135593220338,0.0890130439760127,0.1278365042206813,0.0851303415510007,0.1070851019426937
35_Basketball_Basketball_35_361,1.0000000000000001e-20,2.9412578112666736,1.0,10,1.0000000000000001e-20,2.9412578112666736,1.0,10,1.0000000000000001e-20,2.9412578112666736,1.0,10,0.2904761904761904,0.0720606950020074,0.1499163203945812,0.0535501650682939,0.3973118644640383,0.0644785747215954,0.3818134928514786,0.7842105263157894,0.3737078126551811,0.184529566985275,0.31954904244658,0.9629695686612316,0.9655510623378836,0.4692307692307692,0.4692307692307692,0.3418730873115302,0.4692300181710442,0.4692307692307692,0.4692307692307692,0.1151515151515151,0.1151515151515151,0.0841651454459715,0.1146257511320449,0.0881518365045841,0.1061238573614828
12_Group_Team_Organized_Group_12_Group_Team_Organized_Group_12_653,1.0000000000000001e-20,2.9412578112666736,1.0,10,1.0000000000000001e-20,2.9412578112666736,1.0,10,1.0000000000000001e-20,2.9412578112666736,1.0,10,0.2909090909090909,0.0416597790450531,0.1930876686199025,0.059234253314358,0.428746933004804,0.0421821948198231,0.2882195140295252,0.8666666666666667,0.1562548562548562,0.161658187572571,0.1656486001857232,0.9639694313271072,0.98608728510801,0.8,0.8,0.6826349329851491,0.7999990492666971,0.8,0.8,0.1588235294117647,0.1588235294117646,0.1015381362339418,0.1572940005861346,0.071651682120318,0.1063401592701388
12_Group_Group_12_Group_Group_12_165,1.0000000000000001e-20,2.9412578112666736,1.0,10,1.0000000000000001e-20,2.9412578112666736,1.0,10,1.0000000000000001e-20,2.9412578112666736,1.0,10,0.0785714285714285,0.0214285714285714,0.2592153735497388,0.0921645698456312,0.3162952278199956,0.0932673403716522,0.1679954213598488,0.9923076923076924,0.0146853146853146,0.0649212476525391,0.0310756935475459,0.9641175836177196,0.9905055650706748,0.55,0.55,0.4113972069619337,0.55,0.55,0.55,0.1444444444444444,0.1444444444444443,0.0959331655073213,0.1433761513736497,0.0867455406165334,0.0864963687123016
36_Football_Football_36_110,1.0000000000000001e-20,2.9412578112666736,1.0,10,1.0000000000000001e-20,2.9412578112666736,1.0,10,1.0000000000000001e-20,2.9412578112666736,1.0,10,0.0733333333333333,0.0199999999999999,0.2985282809295967,0.0838056352632301,0.3502930622009569,0.0767477534210485,0.1784051009437842,0.9928571428571428,0.1138141620284477,0.0585608795385976,0.0749134840600514,0.9630505019303988,0.9902316284099424,0.55,0.55,0.4659882069253055,0.5499997662876293,0.55,0.55,0.1236363636363635,0.1236363636363635,0.0886308158419735,0.1227990416156433,0.0934871131422478,0.0966306202580881
12_Group_Team_Organized_Group_12_Group_Team_Organized_Group_12_60,1.0000000000000001e-20,2.9412578112666736,1.0,10,1.0000000000000001e-20,2.9412578112666736,1.0,10,1.0000000000000001e-20,2.9412578112666736,1.0,10,0.1772727272727272,0.0554843437078804,0.2093625531556566,0.0406935896652306,0.3490478997375549,0.0599096276599728,0.3209577550771698,0.8619047619047618,0.2660514089085518,0.1629393463862402,0.2175644743818913,0.9775931743687426,0.979473050127616,0.5571428571428572,0.5571428571428572,0.4185242489876844,0.5571424574469706,0.5571428571428572,0.5571428571428572,0.118,0.1179999999999999,0.0839074889320301,0.11736541069812,0.0924855955309315,0.1000321744156387
37_Soccer_soccer_ball_37_269,1.0000000000000001e-20,2.9412578112666736,1.0,10,1.0000000000000001e-20,2.9412578112666736,1.0,10,1.0000000000000001e-20,2.9412578112666736,1.0,10,0.2517241379310344,0.0379310344827586,0.1444539966447736,0.0664656982714178,0.3584131950054375,0.0730412160099101,0.317271703779633,0.868,0.2700936174936175,0.1308808569730697,0.2031515079325523,0.95632239381201,0.9827709771498906,0.5615384615384614,0.5615384615384614,0.438619054794844,0.5615382341074349,0.5615384615384614,0.5615384615384614,0.1108695652173912,0.1108695652173912,0.0835323442513769,0.110819193716058,0.0921001934394867,0.1044176932371977
12_Group_Group_12_Group_Group_12_10,9.910000000000005e-18,2.297756702473389,0.9999999909,9,1.0000000000000001e-20,2.9412578112666736,1.0,10,1.0000000000000001e-20,2.9412578112666736,1.0,10,0.08,0.04,0.2198408425154959,0.0731483961586327,0.2834110425253243,0.0624453667447853,0.2405112747537833,0.92,0.2089646464646465,0.1262299855971857,0.1661489186082847,0.9775719309718454,0.9926236254123147,0.24,0.24,0.1531761436028624,0.2399992148380324,0.24,0.24,0.1257142857142856,0.1257142857142856,0.0871715688911857,0.1250358908398777,0.0860260577444161,0.0973516663495989
0_Parade_marchingband_1_556,1.0000000000000001e-20,2.9412578112666736,1.0,10,1.0000000000000001e-20,2.9412578112666736,1.0,10,1.0000000000000001e-20,2.9412578112666736,1.0,10,0.196551724137931,0.0310344827586206,0.1704783737504325,0.0516097898034808,0.3341433729669024,0.0402427248231537,0.2805497094777195,0.8321428571428572,0.1711038961038961,0.1424716642344818,0.174427650541797,0.8202988471659465,0.9769959328977365,0.3799999999999998,0.3799999999999998,0.3102117211696055,0.3799994975111198,0.3799999999999998,0.3799999999999998,0.1742857142857142,0.1742857142857142,0.1169659296303455,0.1739439850289353,0.0771562014335642,0.1048457053122143
12_Group_Large_Group_12_Group_Large_Group_12_196,1.0000000000000001e-20,2.9412578112666736,1.0,10,1.0000000000000001e-20,2.9412578112666736,1.0,10,1.0000000000000001e-20,2.9412578112666736,1.0,10,0.2599999999999999,0.0466666666666666,0.2163699690402477,0.0676625361911311,0.4203379772961816,0.0586552990569351,0.3077494599233195,0.8538461538461538,0.2429263044647659,0.1889411905053073,0.2141813021667133,0.9600150640550986,0.9775273512688264,0.78,0.78,0.6119591183940116,0.7799986518920686,0.78,0.78,0.1387096774193548,0.1387096774193548,0.0978364093107321,0.1380275346625141,0.0824250663156245,0.1099609020462783
45_Balloonist_Balloonist_45_838,1.0000000000000001e-20,2.9412578112666736,1.0,10,1.0000000000000001e-20,2.9412578112666736,1.0,10,1.0000000000000001e-20,2.9412578112666736,1.0,10,0.1999999999999999,0.0447080555605447,0.1688790849673202,0.0318978951416671,0.3351650326797385,0.0438041953922372,0.3380637543278773,0.8410256410256409,0.2770700524546678,0.1488822208030859,0.2297160009664166,0.95885636700847,0.9776971767279656,0.4555555555555555,0.4555555555555555,0.3448520456443526,0.455555193440434,0.4555555555555555,0.4555555555555555,0.13125,0.1312499999999999,0.0909444672648616,0.1303929714364397,0.0835530389537888,0.1018317944610278
10_People_Marching_People_Marching_2_131,1.0000000000000001e-20,2.9412578112666736,1.0,10,1.0000000000000001e-20,2.9412578112666736,1.0,10,1.0000000000000001e-20,2.9412578112666736,1.0,10,0.3551724137931034,0.0535316368836552,0.1986132183511854,0.0724783302350996,0.4836562081722371,0.0595570858340765,0.4128780471537404,0.7192307692307693,0.3215617715617715,0.2548415385060164,0.3200357669477207,0.9552327263485606,0.9619299104392626,0.7357142857142857,0.7357142857142857,0.5888936776915227,0.7357131518899048,0.7357142857142857,0.7357142857142857,0.1171874999999999,0.1171874999999999,0.0858062173185774,0.1163860894386264,0.08927686990848,0.104730670799365
12_Group_Group_12_Group_Group_12_227,1.0000000000000001e-20,2.9412578112666736,1.0,10,1.0000000000000001e-20,2.9412578112666736,1.0,10,1.0000000000000001e-20,2.9412578112666736,1.0,10,0.0606060606060606,0.0135519271363623,0.1375449538607433,0.0269907758807605,0.1900176593597646,0.0212833201771156,0.2045797062815719,0.96875,0.092074592074592,0.0783549436694858,0.0779118165027275,0.9451564902008232,0.985384662647314,0.6666666666666666,0.6666666666666666,0.5383683776669704,0.6666663500589755,0.6666666666666666,0.6666666666666666,0.1177777777777777,0.1177777777777777,0.0865796531059139,0.1176312511071463,0.0891984562485542,0.1022571176574305
18_Concerts_Concerts_18_447,1.0000000000000001e-20,2.9412578112666736,1.0,10,1.0000000000000001e-20,2.9412578112666736,1.0,10,1.0000000000000001e-20,2.9412578112666736,1.0,10,0.2384615384615384,0.0638971066378313,0.2630436720142602,0.0854923463194635,0.4370513963161022,0.0913870865679835,0.4151667149836223,0.7615384615384614,0.3686264590110744,0.1901075382066914,0.3148254472245361,0.9737939523973578,0.955288322984679,0.3875,0.3875,0.250064070003317,0.3874996562200998,0.3875,0.3875,0.1324324324324323,0.1324324324324323,0.0917476894096147,0.1320244951036471,0.0868449027002325,0.0974797631661797
6_Funeral_Funeral_6_572,1.0000000000000001e-20,2.9412578112666736,1.0,10,1.0000000000000001e-20,2.9412578112666736,1.0,10,1.0000000000000001e-20,2.9412578112666736,1.0,10,0.325,0.0335410196624968,0.2227419821835114,0.0760074772224999,0.4764463670942306,0.0477647054021293,0.3459225638045282,0.7941176470588235,0.2272727272727273,0.1991307149494685,0.2368502157469558,0.9345846009125276,0.9612215370385866,0.9285714285714286,0.9285714285714286,0.7673669963779058,0.9285711747428786,0.9285714285714286,0.9285714285714286,0.127659574468085,0.127659574468085,0.0861219795842767,0.1264728153025945,0.090270535630583,0.0980994674187982
12_Group_Team_Organized_Group_12_Group_Team_Organized_Group_12_138,1.0000000000000001e-20,2.9412578112666736,1.0,10,1.0000000000000001e-20,2.9412578112666736,1.0,10,1.0000000000000001e-20,2.9412578112666736,1.0,10,0.18,0.0305505046330389,0.4254923977734045,0.0954230450959116,0.5291403569651623,0.0768988895145355,0.23601020931188,0.9461538461538462,0.2035041881195727,0.1059999558550448,0.1450790343724557,0.9808187159105646,0.9931437706811672,0.9,0.9,0.7195300366010305,0.8999992916995941,0.9,0.9,0.1258064516129032,0.1258064516129032,0.0913443047127355,0.1254538840347931,0.0836031310371581,0.1044477385426828
12_Group_Group_12_Group_Group_12_249,1.0000000000000001e-20,2.9412578112666736,1.0,10,1.0000000000000001e-20,2.9412578112666736,1.0,10,1.0000000000000001e-20,2.9412578112666736,1.0,10,0.3925925925925925,0.0624159242457508,0.216565741220877,0.0647169356225083,0.5233017516548927,0.0673472364584587,0.4580103609042949,0.7130434782608696,0.4234988682814771,0.1834828904805923,0.3720087454112426,0.9739760372980673,0.9717739541305066,0.4416666666666667,0.4416666666666666,0.3014034343637381,0.4416662459787977,0.4416666666666666,0.4416666666666666,0.1327586206896551,0.1327586206896551,0.0905202853007982,0.1321074179781198,0.0887279684809198,0.0950079286596923
35_Basketball_Basketball_35_635,1.0000000000000001e-20,2.9412578112666736,1.0,10,1.0000000000000001e-20,2.9412578112666736,1.0,10,1.0000000000000001e-20,2.9412578112666736,1.0,10,0.256,0.0366606055596467,0.2511359218405683,0.0686328921947438,0.4426443018556396,0.0596059371010943,0.3777165752018813,0.8086956521739131,0.2988138672921281,0.193756599541325,0.2501697692577891,0.9580715742624902,0.965457997118225,0.6399999999999999,0.6399999999999999,0.4919101704732589,0.6399997942848893,0.6399999999999999,0.6399999999999999,0.1159999999999999,0.1159999999999999,0.0858829169748519,0.1156411294360147,0.0888498018788948,0.1041622217262634
12_Group_Large_Group_12_Group_Large_Group_12_107,1.0000000000000001e-20,2.9412578112666736,1.0,10,1.0000000000000001e-20,2.9412578112666736,1.0,10,1.0000000000000001e-20,2.9412578112666736,1.0,10,0.076,0.028,0.1308968808968809,0.0902905651183397,0.1968170718170718,0.0885905332522834,0.256301832793079,0.924,0.2103909423909423,0.1228700818347576,0.1689266920754306,0.9582517483295878,0.9738129098199152,0.38,0.38,0.2904234382662577,0.3799988313422188,0.38,0.38,0.1138888888888888,0.1138888888888888,0.0827464608413768,0.1135541872069891,0.0947927156534025,0.0946448022320751
12_Group_Group_12_Group_Group_12_179,1.0000000000000001e-20,2.9412578112666736,1.0,10,1.0000000000000001e-20,2.9412578112666736,1.0,10,1.0000000000000001e-20,2.9412578112666736,1.0,10,0.2724137931034482,0.0956236180956003,0.2762159172118207,0.0652317701626845,0.474769685613622,0.0748246229394953,0.3484912617996143,0.8115384615384614,0.2572485207100591,0.2104349740193756,0.2322040898455379,0.9026910993080192,0.9743566332116173,0.4388888888888889,0.4388888888888889,0.3556079295253479,0.4388884558845115,0.4388888888888889,0.4388888888888889,0.15,0.15,0.0959365348792546,0.1487834348220672,0.0796310382732016,0.1002101956882056
51_Dresses_wearingdress_51_739,1.0000000000000001e-20,2.9412578112666736,1.0,10,1.0000000000000001e-20,2.9412578112666736,1.0,10,1.0000000000000001e-20,2.9412578112666736,1.0,10,0.4727272727272726,0.0680301343049807,0.3313060884492516,0.0473066208424787,0.6487859381750797,0.0413872197406848,0.5421471576015225,0.6,0.4602043933078416,0.3009804178414446,0.4379217695077236,0.9555249108629142,0.972490329093476,0.624,0.624,0.4550000054320173,0.6239987969186175,0.624,0.624,0.1469026548672566,0.1469026548672566,0.0941732569166117,0.1456636422182994,0.0822402727248911,0.1069293627556855
37_Soccer_soccer_ball_37_114,1.0000000000000001e-20,2.9412578112666736,1.0,10,1.0000000000000001e-20,2.9412578112666736,1.0,10,1.0000000000000001e-20,2.9412578112666736,1.0,10,0.1419354838709677,0.0258064516129032,0.1350407868149788,0.071776001408206,0.2575048185629719,0.0691773720527814,0.2589963825529286,0.9172413793103448,0.1981311217518113,0.1128787882588119,0.15530762204147,0.9506040477787776,0.9857326164689716,0.6285714285714284,0.6285714285714284,0.4949403383472326,0.6285709718942013,0.6285714285714284,0.6285714285714284,0.1133333333333332,0.1133333333333332,0.0848448035608301,0.1130088754920877,0.0914885969106701,0.1045087116933881
38_Tennis_Tennis_38_371,1.0000000000000001e-20,2.9412578112666736,1.0,10,1.0000000000000001e-20,2.9412578112666736,1.0,10,1.0000000000000001e-20,2.9412578112666736,1.0,10,0.3128205128205128,0.0358974358974358,0.2551935450411528,0.1193453352288184,0.4908976181644444,0.0696608012487211,0.3586409970834703,0.8121212121212122,0.269259730168821,0.1924795053901368,0.2437673116130158,0.9372729708793018,0.965553727782818,0.7625,0.7625,0.5797497142778374,0.7624995761338085,0.7625,0.7625,0.1254237288135593,0.1247881355932203,0.0901849823075094,0.1246054688381031,0.0834919290172327,0.1096253751739593
18_Concerts_Concerts_18_127,1.0000000000000001e-20,2.9412578112666736,1.0,10,1.0000000000000001e-20,2.9412578112666736,1.0,10,1.0000000000000001e-20,2.9412578112666736,1.0,10,0.4785714285714285,0.087772898053175,0.1958079688188047,0.0390641019717872,0.5818873388939179,0.0673904551534858,0.5729616368176655,0.5615384615384615,0.5134012248435326,0.2940732815269472,0.4977467980477877,0.9874146403011542,0.9614180596108376,0.5359999999999999,0.5359999999999999,0.3711232140061972,0.5359995245343248,0.5359999999999999,0.5359999999999999,0.1277777777777777,0.1277777777777777,0.0866676402569575,0.1275061940801892,0.0829619680380263,0.1038048896320375
50_Celebration_Or_Party_houseparty_50_17,1.0000000000000001e-20,2.9412578112666736,1.0,10,1.0000000000000001e-20,2.9412578112666736,1.0,10,1.0000000000000001e-20,2.9412578112666736,1.0,10,0.225,0.075,0.3706137163408528,0.0673734598880568,0.5139666049148807,0.054568006168766,0.3524794193760318,0.8266666666666667,0.2643996003996004,0.1921775018885232,0.2226339531176446,0.9808811931086984,0.9673482134857364,0.5142857142857143,0.5142857142857143,0.3987205416615755,0.5142851892760185,0.5142857142857143,0.5142857142857143,0.1276315789473684,0.125767543859649,0.0887607547111196,0.1255611241255692,0.0834105728783859,0.1029829887988435
12_Group_Large_Group_12_Group_Large_Group_12_15,4.4203600000000015e-15,2.0139625932650613,0.9999958016,8,1.0000000000000001e-20,2.9412578112666736,1.0,10,1.0000000000000001e-20,2.9412578112666736,1.0,10,0.0727272727272727,0.0463547228508435,0.1838597904954726,0.0613449776670593,0.2442255337532698,0.0553349487381861,0.2517594860629395,0.927272727272727,0.2305814639905548,0.1286120340608782,0.1777794892849792,0.9668998743330216,0.9909684163882856,0.2,0.1999999999999999,0.1486624055455191,0.1999997744871256,0.1999999999999999,0.1999999999999999,0.1416666666666666,0.1416666666666666,0.0940145169444052,0.139640487605827,0.0778724962724681,0.0945879876632418
40_Gymnastics_Gymnastics_40_642,1.0000000000000001e-20,2.9412578112666736,1.0,10,1.0000000000000001e-20,2.9412578112666736,1.0,10,1.0000000000000001e-20,2.9412578112666736,1.0,10,0.6239130434782609,0.0323175407550402,0.2152657088800217,0.0552244228277222,0.7048700700908871,0.0312554220833698,0.619300781959913,0.5088235294117648,0.5100987248046072,0.3885378012183518,0.5162023828557462,0.9576953824438236,0.9455902635844234,0.755263157894737,0.755263157894737,0.580518136802587,0.7552623047393788,0.755263157894737,0.755263157894737,0.1482758620689655,0.1473563218390804,0.0939796113675112,0.1467906487092784,0.0805271918574411,0.1055229630679856
58_Hockey_icehockey_puck_58_835,1.0000000000000001e-20,2.9412578112666736,1.0,10,1.0000000000000001e-20,2.9412578112666736,1.0,10,1.0000000000000001e-20,2.9412578112666736,1.0,10,0.3918918918918919,0.0516350626338994,0.1772657091643539,0.0427671498804683,0.4991731859174669,0.0554929684322903,0.4655580839564026,0.6818181818181818,0.4402183759001941,0.2471237991158247,0.3869913476850958,0.9630288131127726,0.9663154653319131,0.5576923076923077,0.5576923076923077,0.4145159944089226,0.5576920090344426,0.5576923076923077,0.5576923076923077,0.1285714285714285,0.127142857142857,0.0887781118800307,0.126136834415049,0.087521170621964,0.1032192750241488
58_Hockey_icehockey_puck_58_244,1.0000000000000001e-20,2.9412578112666736,1.0,10,1.0000000000000001e-20,2.9412578112666736,1.0,10,1.0000000000000001e-20,2.9412578112666736,1.0,10,0.3115384615384615,0.0319485533189156,0.1769123793718114,0.0497817174401847,0.4332004118261724,0.0451102979287389,0.3326593176925239,0.8523809523809524,0.1842712842712842,0.1469904108123683,0.1776618722638467,0.9536013594264492,0.9710768286816852,0.6749999999999999,0.6749999999999999,0.5443440110667804,0.6749992256667854,0.6749999999999999,0.6749999999999999,0.146153846153846,0.146153846153846,0.0970386689399678,0.1456229938705781,0.0875073007585286,0.0878763963880251
12_Group_Group_12_Group_Group_12_367,1.0000000000000001e-20,2.9412578112666736,1.0,10,1.0000000000000001e-20,2.9412578112666736,1.0,10,1.0000000000000001e-20,2.9412578112666736,1.0,10,0.0925925925925926,0.0248451997499976,0.2245875080801551,0.0365176018530795,0.2963700351935646,0.0382508077824701,0.2460879267847384,0.9423076923076924,0.1001107226107226,0.0938052404603061,0.087863550123597,0.9333444785018072,0.986888821023633,0.4166666666666667,0.4166666666666667,0.3339806414841217,0.4166663192558891,0.4166666666666667,0.4166666666666667,0.1215384615384615,0.1203076923076922,0.0863327971124099,0.1200404871757133,0.0910644478997843,0.0970938540098432
35_Basketball_Basketball_35_653,1.0000000000000001e-20,2.9412578112666736,1.0,10,1.0000000000000001e-20,2.9412578112666736,1.0,10,1.0000000000000001e-20,2.9412578112666736,1.0,10,0.11875,0.0519163991432379,0.2283184905610535,0.0707835812806104,0.3205525341680948,0.0695503137170478,0.2773205328712207,0.8812499999999999,0.2421877428127428,0.1451929244087431,0.2079179895825793,0.9770264175956556,0.9875745269284972,0.3166666666666667,0.3166666666666666,0.2285297235593909,0.3166665963452761,0.3166666666666666,0.3166666666666666,0.1166666666666666,0.1166666666666666,0.0873557530875188,0.1163010343779691,0.0916542371194576,0.1048822770527104
12_Group_Large_Group_12_Group_Large_Group_12_13,1.0000000000000001e-20,2.9412578112666736,1.0,10,1.0000000000000001e-20,2.9412578112666736,1.0,10,1.0000000000000001e-20,2.9412578112666736,1.0,10,0.624390243902439,0.0380987789068617,0.1983607021284203,0.0781240261335685,0.7010154500245069,0.0234424628055244,0.4738753241002377,0.6999999999999998,0.4537814962814963,0.2098507535512499,0.3837961668406496,0.948593902080632,0.9679766240822636,0.7314285714285714,0.7314285714285714,0.5446327066745628,0.7314276971020564,0.7314285714285714,0.7314285714285714,0.1244186046511627,0.1236434108527131,0.0827797142899051,0.1224283663003822,0.0839205070427627,0.1117630234226128
46_Jockey_Jockey_46_352,0.0956179249911955,0.4431662664701647,0.2639010709,1,2.0289394126000006e-10,1.5718194052621075,0.9983222784,6,2.0289394126000006e-10,1.5718194052621075,0.9983222784,6,0.005,0.015,0.0581215885563711,0.0522553696677113,0.0626670431018257,0.0566978154388583,0.166704960121907,0.995,0.1071228771228771,0.0659247881196611,0.0702640729137652,0.9602334992310276,0.9899292705322342,0.1,0.0999999999999999,0.0610359013171547,0.0999999999999999,0.0999999999999999,0.0999999999999999,0.1,0.0999999999999999,0.0786945472670281,0.0999998269625394,0.0999999999999999,0.0999999999999999
12_Group_Team_Organized_Group_12_Group_Team_Organized_Group_12_707,1.0000000000000001e-20,2.9412578112666736,1.0,10,1.0000000000000001e-20,2.9412578112666736,1.0,10,1.0000000000000001e-20,2.9412578112666736,1.0,10,0.546875,0.0447431908227386,0.1640474616839488,0.0627906067155991,0.6215156152424899,0.0436101426104717,0.4551331609034029,0.6904761904761904,0.3732458018172304,0.2667674590577106,0.3401612913996711,0.956068077230195,0.964657873420138,0.9210526315789472,0.9210526315789472,0.7445764875807982,0.9210516461724868,0.9210526315789472,0.9210526315789472,0.1160714285714285,0.1160714285714285,0.0896261438065118,0.1159293723685853,0.0898792034882686,0.1001054652956498
58_Hockey_icehockey_puck_58_245,1.0000000000000001e-20,2.9412578112666736,1.0,10,1.0000000000000001e-20,2.9412578112666736,1.0,10,1.0000000000000001e-20,2.9412578112666736,1.0,10,0.2193548387096774,0.0402903096670864,0.1165239495754201,0.0495232972866366,0.3112815853992324,0.0376535214828738,0.35671130711649,0.8066666666666668,0.2828431568431568,0.173018396188434,0.2441023412771985,0.9553043739153512,0.9773752205027034,0.6181818181818182,0.6181818181818182,0.4658654185874439,0.6181816733337198,0.6181818181818182,0.6181818181818182,0.1199999999999999,0.1199999999999999,0.0842233523214534,0.1183264514382449,0.0874365304292372,0.1031114428696846
2_Demonstration_Protesters_2_563,1.0000000000000001e-20,2.9412578112666736,1.0,10,1.0000000000000001e-20,2.9412578112666736,1.0,10,1.0000000000000001e-20,2.9412578112666736,1.0,10,0.392,0.0348711915483254,0.2033182832334668,0.065327332766479,0.5144996589719893,0.058340423431232,0.3726134736047555,0.7999999999999998,0.286423722476354,0.1841559187895846,0.2643099123643775,0.9703045328451488,0.9729684200022928,0.6533333333333332,0.6533333333333332,0.5079839277706757,0.6533330519557843,0.6533333333333332,0.6533333333333332,0.1294117647058823,0.126797385620915,0.091325935751224,0.1271466743375782,0.0789553855595341,0.1157682573574935
40_Gymnastics_Gymnastics_40_887,9.910000000000005e-18,2.297756702473389,0.9999999909,9,1.0000000000000001e-20,2.9412578112666736,1.0,10,1.0000000000000001e-20,2.9412578112666736,1.0,10,0.1043478260869565,0.0484153422854784,0.1229584789412375,0.0467747259691399,0.215426122408881,0.0455108519616116,0.284036927975248,0.8956521739130434,0.3103990936599632,0.1208794936661237,0.2325387877953547,0.9806886548002388,0.993046095829238,0.1846153846153846,0.1846153846153846,0.1054237199333218,0.1846150039431736,0.1846153846153846,0.1846153846153846,0.132,0.1319999999999999,0.0878699829689472,0.1294654069037657,0.084041063237121,0.1080355006549194
37_Soccer_soccer_ball_37_345,1.0000000000000001e-20,2.9412578112666736,1.0,10,1.0000000000000001e-20,2.9412578112666736,1.0,10,1.0000000000000001e-20,2.9412578112666736,1.0,10,0.5692307692307692,0.0745796901140973,0.2857142688655402,0.0879393211741665,0.6943872729069926,0.0506823605920088,0.6151162816559065,0.5333333333333332,0.5370454941883513,0.347968519468836,0.5074930326232417,0.9282819625657056,0.9494338980830266,0.74,0.74,0.5482790667799176,0.7399994889291059,0.74,0.74,0.1309523809523809,0.1301587301587301,0.0893486315860388,0.1301124759200351,0.0815524301222998,0.1085111703492207
35_Basketball_Basketball_35_712,1.0000000000000001e-20,2.9412578112666736,1.0,10,1.0000000000000001e-20,2.9412578112666736,1.0,10,1.0000000000000001e-20,2.9412578112666736,1.0,10,0.4310344827586206,0.069395213094821,0.2501690012306942,0.0572985637621165,0.5736364818287343,0.063864467431585,0.5008979480893726,0.66,0.4416124542124542,0.252959355751213,0.386636098000128,0.9453588924475907,0.975130162848632,0.625,0.625,0.4696869108124314,0.624999385329928,0.625,0.625,0.1178571428571428,0.117063492063492,0.0839022713150831,0.11642583594943,0.0893404916537841,0.1072021100796057
12_Group_Group_12_Group_Group_12_268,1.0000000000000001e-20,2.9412578112666736,1.0,10,1.0000000000000001e-20,2.9412578112666736,1.0,10,1.0000000000000001e-20,2.9412578112666736,1.0,10,0.21875,0.041926274578121,0.1627379852525212,0.0578100070757033,0.3459386009654076,0.0582508979264583,0.3510673583461092,0.8064516129032258,0.3052520060584577,0.1886063321066707,0.2575849738487072,0.9645728271900424,0.972914988766521,0.4999999999999999,0.4999999999999999,0.3796438818036388,0.4999995017510121,0.4999999999999999,0.4999999999999999,0.1163636363636363,0.1163636363636363,0.0874581565920863,0.1160932796144607,0.0897569145354575,0.107427596504942
