case_study,model,dropout_rate,[obj_level] kill_rate_miss_mean,[obj_level] kill_rate_ghost_mean,[obj_level] kill_rate_miss_ghost_mean,[match] iou_mean,[match] vr_diff,[match] ie_diff,[match] mi_diff,[match] var_diff,[match] ps_diff,[miss] vr_diff,[miss] ie_diff,[miss] mi_diff,[miss] var_diff,[miss] ps_diff,[ghost] vr_diff,[ghost] ie_diff,[ghost] mi_diff,[ghost] var_diff,[ghost] ps_diff,[obj_level] kill_rate_miss_mean_CI95,[obj_level] kill_rate_ghost_mean_CI95,[obj_level] kill_rate_miss_ghost_mean_CI95,[match] iou_mean_CI95,[match] vr_diff_CI95,[match] ie_diff_CI95,[match] mi_diff_CI95,[match] var_diff_CI95,[match] ps_diff_CI95,[miss] vr_diff_CI95,[miss] ie_diff_CI95,[miss] mi_diff_CI95,[miss] var_diff_CI95,[miss] ps_diff_CI95,[ghost] vr_diff_CI95,[ghost] ie_diff_CI95,[ghost] mi_diff_CI95,[ghost] var_diff_CI95,[ghost] ps_diff_CI95
social_perception,yunet_s,0.1,0.13779216432076885,0.11441032706828567,0.23381202774506474,0.23573033725271395,0.14204050395713014,0.12281722321183712,0.14247938526707957,0.8901306788089197,0.9802488690157792,0.3417539362494444,0.2829025535624563,0.34175353328340385,0.3417539362494444,0.3417539362494444,0.19201087585897958,0.12470762536697598,0.19151360293731712,0.0682293714372182,0.09461862141693296,0.15575575864454588,0.09106908910048235,0.21617872368773425,0.18589230775136423,0.1555513950912857,0.13444024017470363,0.16022440689457304,0.19379952146481785,0.013868431094565481,0.03558337955467873,0.02981926432685966,0.03558326465204036,0.03558337955467873,0.03558337955467873,0.013067964189522661,0.006982198485277589,0.013013991867053766,0.014004455735852976,0.004109638451100552
social_perception,yunet_s,0.15,0.1696922441783746,0.13772766216423396,0.28050461119616127,0.27907828943530455,0.17395976082013076,0.14811791437340932,0.17474747109851838,0.920457187831076,0.9811784444951019,0.3845459901532087,0.3154028559580748,0.3845455328626742,0.3845459901532087,0.3845459901532087,0.1884257686513585,0.12253848344690206,0.1878297730653402,0.06626822175430643,0.09859862880374314,0.19450096976319953,0.10024639387209447,0.250921287822572,0.21706167972433224,0.1911096392631836,0.16151107670282797,0.19782367113921034,0.14376707635623642,0.008869024456337837,0.054228510350862076,0.04409470858599941,0.054228411028677426,0.054228510350862076,0.054228510350862076,0.007407424886124967,0.0028120678917216667,0.007582771833119908,0.009237337675465225,0.0010508534287192246
social_perception,yunet_s,0.2,0.19973719148424626,0.15804597104819415,0.32181406139442437,0.3151078120550037,0.2028310323925319,0.17001923293664523,0.20375291132959691,0.9384442601211961,0.980413851205311,0.41476514954785176,0.33778795014144697,0.41476466296273995,0.41476514954785176,0.41476514954785176,0.17768915464654259,0.1161129313501957,0.17693748304820886,0.068823294869804,0.09949370474348511,0.231937790250481,0.10842698456377141,0.28312436587529716,0.2459450411888317,0.22515330615542695,0.18445489117983457,0.23187316689850737,0.10960976808959592,0.004344108893017307,0.052234603315369006,0.04046058097038112,0.0522344730524804,0.052234603315369006,0.052234603315369006,0.012749788725050185,0.005175144247094528,0.012649797136358141,0.011846208329737234,0.0016031876530441622
social_perception,yunet_s,0.25,0.22742846828696353,0.17743918656811272,0.359247735205751,0.3465211536383029,0.22942715362745436,0.1894017908698137,0.23011299860743425,0.9498647263763038,0.9791693032443437,0.45094043095827524,0.36405928250541203,0.45093989248629024,0.45094043095827524,0.45094043095827524,0.17356665782213443,0.11283986967383274,0.1727788290385901,0.0693240378418594,0.1000392562955497,0.26158349928711366,0.10667297120422368,0.29982055070912106,0.2648704577865898,0.24879019782919187,0.19998218077835794,0.25663058033044656,0.08768585808972248,0.004331908733613298,0.05734818283362895,0.04504069373028631,0.05734806712168522,0.05734818283362895,0.05734818283362895,0.0048485891169089065,0.002916309100597632,0.0047810454406067866,0.007558866797684229,0.0020476087524156656
social_perception,yunet_s,0.3,0.25249284126671373,0.19733383130567184,0.39426182019262307,0.373812792775776,0.25288401863195414,0.20632565966722125,0.253378562702827,0.9577787141072264,0.9772768096235226,0.4835271655679705,0.3876951456253377,0.48352659034744755,0.4835271655679705,0.4835271655679705,0.1660382745449295,0.10859590594090017,0.1651094988743018,0.07090116185352446,0.10067084028121,0.29711793272785286,0.1108551657833792,0.3225171734852869,0.28745250315634907,0.27935916186565524,0.2200932453457956,0.28704960508657335,0.0696064954265846,0.00883156497625178,0.059610950837279464,0.04513821241808392,0.05961080514842996,0.059610950837279464,0.059610950837279464,0.010724916156633074,0.0038369650136791337,0.010766961836389428,0.004789141798383949,0.0026439006176548936
social_perception,yunet_s,0.35,0.2781251333031214,0.21676485419375477,0.4284100326723052,0.39996852605028455,0.2762724681743919,0.22221157013375872,0.2762186440135155,0.963540412379906,0.9749523047344755,0.5132808155303527,0.4091673692929503,0.5132802041684026,0.5132808155303527,0.5132808155303527,0.16030309911766813,0.10535701431488666,0.15937364141736585,0.07305653421452174,0.10281926684572607,0.3264675279770572,0.11510353506370574,0.3414003201997881,0.3020256952545804,0.30005675350874667,0.23154978817887942,0.30841619997592856,0.05600918408202102,0.012173174233728712,0.07015461479216836,0.05220110318397467,0.07015446397873135,0.07015461479216836,0.07015461479216836,0.004356699406151815,0.0026338050904780117,0.004627770736225884,0.00537799329006001,0.0015476826664835477
social_perception,yunet_s,0.4,0.3027490354510439,0.23833509236399628,0.4622913249358796,0.42352458052027697,0.2985898892888819,0.23710568586215797,0.29753325909056755,0.9674817356394002,0.9729562599116376,0.5423304759792805,0.4292630748853634,0.5423298228337635,0.5423304759792805,0.5423304759792805,0.15485883534041842,0.10196696183005237,0.15381621385075375,0.07470942898490433,0.1025901444119439,0.3515430310024403,0.11665394245635254,0.35312653948459066,0.31378919084093004,0.3178713645868798,0.24325562842496734,0.3278576108959086,0.04593721220926958,0.01572323647597202,0.07530934960727877,0.056651182726519304,0.07530918801557664,0.07530934960727877,0.07530934960727877,0.0008600973979744692,0.0011452213852784306,0.0008410965307864872,0.0016367325344141877,0.0015063710448093785
social_perception,yunet_s,0.45,0.3268722560778771,0.2599416353169694,0.4949986619319058,0.44582278060553393,0.32135581771967586,0.25076670291564296,0.3179415032605226,0.9708293434157715,0.9693967931141625,0.5719274911810849,0.4500316204708759,0.5719268106389263,0.5719274911810849,0.5719274911810849,0.14868050441316186,0.09910041280997427,0.14766260012402924,0.07656723712249114,0.10364098274815048,0.38825577348522916,0.1329215416760044,0.38154226774610245,0.33411327484421405,0.3479983181552746,0.26445158604810015,0.35910148297146743,0.03421660823380921,0.02361749788561085,0.09968355496281303,0.07218882247998465,0.09968334466607387,0.09968355496281303,0.09968355496281303,0.006365482704616006,0.002091354620517197,0.006490615291180891,0.0036752459651731542,0.0009473287147195963
social_perception,yunet_s,0.5,0.351751917163271,0.28823761958382577,0.5327736288765418,0.4676076256201953,0.3444484897886532,0.264741031155815,0.338881510947975,0.972680816069944,0.9671156291838163,0.6052263677415954,0.47285606197894275,0.6052256376359434,0.6052263677415954,0.6052263677415954,0.14456880475372477,0.0966265738813075,0.1434664267570518,0.07797543992425947,0.10419140317589974,0.41851279386990503,0.13157575850954284,0.3912693322729152,0.34242146524117617,0.36426664013275717,0.27203433184006004,0.37521903377957394,0.02406073666118999,0.02739979989248283,0.09743142527020836,0.06982753032532411,0.09743121750927819,0.09743142527020836,0.09743142527020836,0.006100615234482892,0.0021449458381601837,0.005896618625592129,0.0018211083813568691,0.0009950634292698521
social_perception,yunet_n,0.1,0.1351775073286286,0.12427977646256716,0.23879427238140374,0.2287867488253228,0.14003472918889848,0.12009371540163477,0.14007049084437817,0.8544306869560984,0.9771179890214398,0.3326075191758671,0.2748935823162095,0.33260709071132716,0.3326075191758671,0.3326075191758671,0.18644454094981078,0.12108225674311711,0.18593218506298656,0.07403502385506545,0.09647560410829059,0.18901570626535205,0.12732751921058638,0.2757233864698993,0.22174812929083124,0.186625116655681,0.16043817923974035,0.19269437830084576,0.24463865352764924,0.01735878075489711,0.07311628132420796,0.05833056974761166,0.07311620135461154,0.07311628132420796,0.07311628132420796,0.011263827685022735,0.0061873256194355545,0.011284743431795462,0.012435780627939642,0.005069368754739249
social_perception,yunet_n,0.15,0.16467358445959576,0.15397009028287703,0.28761284295091155,0.26806843123742674,0.1690766140060902,0.14288060371183384,0.16938977204529992,0.89128853103382,0.9784688501740536,0.37594211336208105,0.3072701850019,0.3759416229114921,0.37594211336208105,0.37594211336208105,0.18266126792310974,0.1174989016130711,0.18189612240145495,0.07201753928292241,0.09893881545314881,0.2285199908723813,0.15734437589647499,0.32318660506419594,0.25510517513281494,0.2229893491918183,0.1893295870455004,0.2312014332947142,0.18956849703543965,0.010806257102031447,0.064411605617929,0.05040311423290421,0.06441155714454766,0.064411605617929,0.064411605617929,0.00215624058589922,0.002180050685327972,0.002239944657955833,0.005701920175739512,0.004680652713042862
social_perception,yunet_n,0.2,0.1915238113098413,0.17854383272390886,0.32813729541585707,0.3015647530516113,0.19586895681533176,0.1633080213727189,0.19596552743598752,0.914350885666293,0.9779756739702855,0.414067755666328,0.33608669623380916,0.4140672238006739,0.414067755666328,0.414067755666328,0.1747009571596644,0.11348652252492286,0.17386388662640692,0.07261216319729014,0.10177912138807348,0.26379487454126693,0.17360218234458807,0.35543683858144853,0.2799717558461736,0.25418067618161955,0.21166905235960506,0.2634804144745157,0.14814115014294668,0.0045688043958250196,0.05958916853582731,0.04492344725680267,0.05958910640790989,0.05958916853582731,0.05958916853582731,0.0035400414188673907,0.001372212776746366,0.003482984449937762,0.0038012667730171388,0.00329258935210736
social_perception,yunet_n,0.25,0.21346110162530996,0.20415826783464142,0.3651160044709149,0.32671500340325715,0.21477929584329722,0.17677563027722196,0.21492600617238466,0.9294863595646238,0.9769698886478831,0.44505408521496775,0.3589675702103188,0.44505350921647846,0.44505408521496775,0.44505408521496775,0.1702593486561915,0.11020138141568435,0.1693064207562469,0.07404155198355794,0.09982938229988374,0.2937313958535087,0.19017580515258006,0.3819332161320631,0.30310788206382205,0.2851323083131957,0.23448274661684046,0.29418920646575414,0.12092316036415302,0.0056934415449165655,0.07250653643168604,0.05471852851784339,0.07250649263876911,0.07250653643168604,0.07250653643168604,0.011607567930854497,0.004808100708472801,0.01154559994288736,0.002282141721170404,0.0036776106241784108
social_perception,yunet_n,0.3,0.23567702486433464,0.23339063769089466,0.4040313501056032,0.3506732860039534,0.23454554845680617,0.19110330396834696,0.23445115784735457,0.9407572080050616,0.9764378152831444,0.4685625640182273,0.3749017490616661,0.46856195995537336,0.4685625640182273,0.4685625640182273,0.16373726322281243,0.10677176485983786,0.1627732428197677,0.07459390572008923,0.10274000852667918,0.326943836130669,0.20655389891966225,0.4079509962160433,0.3199912282627687,0.30976202454772567,0.2503745411518177,0.3194580614510333,0.09890282891832355,0.008511265675259087,0.0896439295496503,0.06688246125193847,0.0896438263668613,0.0896439295496503,0.0896439295496503,0.011604719582931447,0.004760716589813327,0.011418401247003601,0.003274850156838133,0.004116701917944039
social_perception,yunet_n,0.35,0.25816444125658294,0.25990295636456784,0.43918514962343846,0.3726651060864901,0.25347629866251403,0.20458851007151257,0.25303187046244985,0.9490029936651198,0.9746618400742726,0.5009882656307685,0.39790431616680966,0.5009876083479992,0.5009882656307685,0.5009882656307685,0.1576572330966436,0.10332798186350733,0.15668492690276523,0.0769072206709724,0.1022214846686932,0.3510127790417087,0.23190745780143843,0.4325118246738037,0.3346582458963406,0.3313423801443991,0.26567899171088083,0.34178525452557534,0.08053258647820491,0.013945009550653777,0.09445830816371344,0.07134413795517178,0.09445820228208231,0.09445830816371344,0.09445830816371344,0.009157266585231135,0.003926425716091157,0.009335973613470216,0.0008395211476058049,0.002177949170250058
social_perception,yunet_n,0.4,0.2783039970970829,0.2967563863433791,0.4791065366594938,0.39481046540232195,0.2736699199341607,0.2183848310744582,0.27267141043350307,0.95499854705033,0.9727089630263887,0.5264853541961791,0.4156714426826509,0.5264846751698219,0.5264853541961791,0.5264853541961791,0.1520490148920984,0.10010902147726757,0.15095239984869224,0.0785437244741073,0.10338001545220397,0.3829584154039527,0.25414226334485124,0.45560652967868703,0.3397507683471817,0.342196216079209,0.27123022488210147,0.3527620379243294,0.0648258468476636,0.0174164939010363,0.10601530867807116,0.07893020279365226,0.10601517843757469,0.10601530867807116,0.10601530867807116,0.008207420784271986,0.00236419741203316,0.008192784372715962,0.002112043756046718,0.001922870731578411
social_perception,yunet_n,0.45,0.2988616976135209,0.3386895286926044,0.5225024436455942,0.41293740685273495,0.29128627401178686,0.22832451382291744,0.2879353940714443,0.9604879392009223,0.9710097774658747,0.5561670642598001,0.4365695819391955,0.5561663461554539,0.5561670642598001,0.5561670642598001,0.14647834532220874,0.09737349741076747,0.1454435046140046,0.08021849385195734,0.10362822004447926,0.40518434162090367,0.2802330896517491,0.46852893381404337,0.3560886578404092,0.36667533318046514,0.28951899021767935,0.3794496492151537,0.05064860544559537,0.024003291441982433,0.10489532149968646,0.07758959934710931,0.1048951982958178,0.10489532149968646,0.10489532149968646,0.007115090549685997,0.0022858941327441643,0.0071765488611827905,0.0021142732629556263,0.0017644884479929173
social_perception,yunet_n,0.5,0.3171210182743223,0.38269807739224576,0.5640533507741398,0.4311631635229601,0.30734473279380686,0.23910795069595703,0.3036054309628871,0.9644226106351278,0.9694368795156456,0.5748788031668761,0.44787797858828854,0.5748780642407935,0.5748788031668761,0.5748788031668761,0.14245857009420818,0.0948730367522459,0.1413813134628671,0.08150622315169254,0.1030423998688147,0.429113054934973,0.3026196326572731,0.4788774762948348,0.3646189032132743,0.38459940357830047,0.3015062971677413,0.39595536857156033,0.039668385895393156,0.029671924935196096,0.12297393338757011,0.093289755581241,0.12297379971778358,0.12297393338757011,0.12297393338757011,0.009246129538772218,0.0025151600547375567,0.009218167923540528,0.0035201260961777252,0.0018249981992254757
screw_detection,best_added_more_noscrews_at_diff_exposure,0.1,0.00106837606837605,0.0,0.00106837606837605,0.015586497760233799,0.00106837606837605,0.00199643779753075,0.0011456661526845545,0.17120507639321664,0.8411570939181174,0.0032051282051282,0.0028334378305205,0.0032051223136695,0.0032051282051282,0.0032051282051282,0.0,0.0,0.0,0.0,0.0,0.013575005060290468,0.0,0.013575005060290468,0.03396196324092749,0.013575005060290468,0.009234688508211984,0.013330740101704071,0.07181256360452422,0.07077046148739899,0.040725015180872036,0.036002241182545455,0.04072494032279159,0.040725015180872036,0.040725015180872036,0.0,0.0,0.0,0.0,0.0
screw_detection,best_added_more_noscrews_at_diff_exposure,0.15,0.0006410256410256,0.0,0.0006410256410256,0.019030104048869602,0.0006410256410256,0.0017917335293086002,0.0007321769238140922,0.2233566981629938,0.8642246334999899,0.0019230769230769,0.0017000626983123,0.0019230733882017,0.0019230769230769,0.0019230769230769,0.0,0.0,0.0,0.0,0.0,0.008145003036173899,0.0,0.008145003036173899,0.03677134419240284,0.008145003036173899,0.007508266935389111,0.008290654012764336,0.11706409734177575,0.04948396557579451,0.024435009108522966,0.021601344709527275,0.024434964193674958,0.024435009108522966,0.024435009108522966,0.0,0.0,0.0,0.0,0.0
screw_detection,best_added_more_noscrews_at_diff_exposure,0.2,0.00085470085470085,0.0,0.00085470085470085,0.023538322380938198,0.00085470085470085,0.00263510020190865,0.0010159013550664,0.27256064411247743,0.8794395145256162,0.00256410256410255,0.0022667502644164,0.0025640978509356,0.00256410256410255,0.00256410256410255,0.0,0.0,0.0,0.0,0.0,0.010860004048232499,0.0,0.010860004048232499,0.03788422426889535,0.010860004048232499,0.011824470228796883,0.011298773199714838,0.09112741229275886,0.04142603035685245,0.032580012144697496,0.028801792946036364,0.03257995225823328,0.032580012144697496,0.032580012144697496,0.0,0.0,0.0,0.0,0.0
screw_detection,best_added_more_noscrews_at_diff_exposure,0.25,0.00149572649572645,0.0004273504273504,0.0019230769230769,0.02837959343839775,0.00149572649572645,0.0034957149608976,0.00165337387669775,0.32270552434019506,0.8927264407615189,0.00448717948717945,0.0039668129627287,0.0044871712391373,0.00448717948717945,0.00448717948717945,0.00128205128205125,0.0011374376037062,0.00128205128205125,0.00128205128205125,0.00128205128205125,0.0190050070844064,0.005430002024115932,0.024435009108522966,0.04186518063075907,0.0190050070844064,0.020050466292551285,0.019547318713354626,0.17002128329028096,0.018520007546516216,0.05701502125322047,0.05040313765556364,0.05701491645190824,0.05701502125322047,0.05701502125322047,0.01629000607234843,0.014452515067607693,0.01629000607234843,0.01629000607234843,0.01629000607234843
screw_detection,best_added_more_noscrews_at_diff_exposure,0.3,0.00128205128205125,0.00085470085470085,0.0021367521367521,0.0327118538083027,0.00128205128205125,0.00400084008992665,0.0016055971910016499,0.36062747954297947,0.9044866990185877,0.0038461538461538,0.0034001253966246,0.0038461467764034,0.0038461538461538,0.0038461538461538,0.00256410256410255,0.00242763492319785,0.00256409983060115,0.00256410256410255,0.00256410256410255,0.01629000607234843,0.010860004048232499,0.027150010120580936,0.04037039821305889,0.01629000607234843,0.02738932854246222,0.018861412005163544,0.11356183161176715,0.01301169239159016,0.04887001821704593,0.04320268941905455,0.048869928387349916,0.04887001821704593,0.04887001821704593,0.032580012144697496,0.03084602635946448,0.03257997741226907,0.032580012144697496,0.032580012144697496
screw_detection,best_added_more_noscrews_at_diff_exposure,0.35,0.0021367521367521,0.0012210012210011499,0.0033577533577533,0.0361800129891819,0.0021367521367521,0.00669865747550275,0.00294473135244655,0.38964410791312915,0.9125240633609399,0.0051282051282051,0.0046012061334773,0.0051281960849287,0.0051282051282051,0.0051282051282051,0.0036630036630035997,0.00235884559108035,0.0036629938831285,0.0036630036630035997,0.0036630036630035997,0.027150010120580936,0.004654287449242318,0.022495722671339244,0.06926982287691401,0.027150010120580936,0.03092570006273119,0.025452271698822065,0.0422060499139786,0.01349408005260724,0.06516002428939499,0.05846386716648967,0.06515990938367358,0.06516002428939499,0.06516002428939499,0.013962862347727588,0.0011355732879925844,0.013962738082632275,0.013962862347727588,0.013962862347727588
screw_detection,best_added_more_noscrews_at_diff_exposure,0.4,0.0020299145299145,0.0012210012210011499,0.0032509157509157,0.0407566901216804,0.0020299145299145,0.0070973995603906504,0.002801857475079,0.4325282196285321,0.9194705178894858,0.00576923076923075,0.00517072829238765,0.00576922134289685,0.00576923076923075,0.00576923076923075,0.0036630036630035997,0.0024417324402173004,0.00366297474534625,0.0034408286334219,0.0036630036630035997,0.025792509614551953,0.004654287449242318,0.021138222165310264,0.0659621026511699,0.025792509614551953,0.033413227639902184,0.028819459092152184,0.13394792850011414,0.027253217894638047,0.07330502732556954,0.0657003323195394,0.07330490755264109,0.07330502732556954,0.07330502732556954,0.013962862347727588,0.0011154971695012412,0.013963011557349895,0.016785863760915527,0.013962862347727588
screw_detection,best_added_more_noscrews_at_diff_exposure,0.45,0.0022435897435897,0.0007478632478632,0.00299145299145295,0.0454447369522257,0.0022435897435897,0.00748755444818415,0.0028651011915387,0.4569049721534977,0.9241652146035787,0.00576923076923075,0.0053039506376581,0.0057692236994803,0.00576923076923075,0.00576923076923075,0.0019230769230769,0.0018140877669485,0.0019230746592648,0.0019230769230769,0.0019230769230769,0.028507510626609917,0.009502503542202882,0.03801001416881343,0.07085020648373955,0.028507510626609917,0.039550835340042764,0.032499157619486775,0.12810966278384178,0.005048395917754702,0.07330502732556954,0.06739308271401338,0.07330493749587288,0.07330502732556954,0.07330502732556954,0.024435009108522966,0.023050170576704554,0.024434980344062936,0.024435009108522966,0.024435009108522966
screw_detection,best_added_more_noscrews_at_diff_exposure,0.5,0.00277777777777775,0.00245726495726495,0.0052350427350427,0.0510575285638485,0.00277777777777775,0.00961620480913415,0.004068175170963,0.49112957757692177,0.9306951459462607,0.0064102564102564,0.0058677209313977,0.006410243481826,0.0064102564102564,0.0064102564102564,0.00459401709401705,0.00416934051272065,0.00459307391093065,0.0037922032903086,0.00459401709401705,0.03529501315675547,0.031222511638668515,0.06651752479542397,0.06641495978393,0.03529501315675547,0.03470791496482422,0.03443241177017296,0.06911355385182208,0.005279310941140403,0.08145003036174407,0.0745564634905872,0.08144986609046047,0.08145003036174407,0.08145003036174407,0.05837252175924945,0.05297649417052935,0.05836053748184971,0.04818451140883251,0.05837252175924945
sticker_detection,fasterrcnn_resnet50_fpn,0.1,0.005139978213507567,0.0048506095381095,0.009859868797368733,0.030438075719328366,0.005139978213507567,0.005140871856233233,0.006102100840627234,0.8534823084029032,0.9783049034880223,0.023790849673202566,0.012249583991179433,0.023790835729554965,0.023790849673202566,0.023790849673202566,0.0203219395866454,0.0049223242830477,0.019857034507193432,0.007177896172548134,0.0046949355021188,0.011116648643492742,0.006127831599492688,0.01691435685572632,0.012446111857763674,0.011116648643492742,0.009385655324585131,0.013025589177631008,0.23837593356718093,0.018295555551498647,0.05229163718077419,0.027811624213226794,0.05229161657001327,0.05229163718077419,0.05229163718077419,0.03507799361024139,0.0092981533342575,0.0341547398281845,0.015407553692162661,0.012488478059101036
sticker_detection,fasterrcnn_resnet50_fpn,0.15,0.0070483424601071,0.0056273163920222665,0.012610299375005199,0.0355286635030402,0.0070483424601071,0.005251672431354066,0.0082719373848755,0.8815723544590183,0.9824199430002539,0.033048489666136695,0.017902605736434832,0.033048481101910665,0.033048489666136695,0.033048489666136695,0.024738120473414532,0.006673910517772966,0.024310570461784167,0.007390455649513901,0.006153583627886899,0.014560402506904766,0.004913212273888919,0.018415517199567286,0.015054122459450436,0.014560402506904766,0.00955377243863161,0.016656740019557005,0.20346690484523428,0.01796034073787901,0.07610432453216068,0.04203718565118743,0.07610430623937817,0.07610432453216068,0.07610432453216068,0.03503141886113064,0.009631577899128487,0.03419395687604889,0.014760300955052704,0.014778410681642254
sticker_detection,fasterrcnn_resnet50_fpn,0.2,0.0074479847494553,0.005738314469932067,0.013033793772764299,0.039572209991579566,0.0074479847494553,0.006792515433274333,0.009218988395633334,0.9040087052925432,0.9846512730530552,0.03264705882352937,0.01691841864790977,0.03264703027540373,0.03264705882352937,0.03264705882352937,0.02289171524465633,0.005346550933959034,0.022248027210275998,0.0035841709394043666,0.007618844896055867,0.01754802791096892,0.005936407988591207,0.022375069333458966,0.018272129096087324,0.01754802791096892,0.012590574469451022,0.021245797326534976,0.16976199448933116,0.015690072321268483,0.0709236938445663,0.03646703972663609,0.07092362355458533,0.0709236938445663,0.0709236938445663,0.037479190228022506,0.007984921293423703,0.03678480351997233,0.009229986562384298,0.011351469281892177
sticker_detection,fasterrcnn_resnet50_fpn,0.25,0.008719366425248733,0.007210635126076233,0.015864642074200866,0.04266893142514574,0.008719366425248733,0.007344844498549767,0.010494349317225633,0.9182507865044242,0.9859648975731073,0.03726417594064647,0.021014186497108164,0.037264134344935605,0.03726417594064647,0.03726417594064647,0.02747880233174343,0.008581464689288833,0.026911643068780966,0.008182772155995633,0.010493047263586899,0.019276350200438573,0.016830588994610624,0.03504680015566273,0.017541960257909873,0.019276350200438573,0.012483746896694908,0.02321594902251692,0.14118049995434345,0.013567133841768084,0.07746742511536642,0.044085918107243646,0.07746733803610734,0.07746742511536642,0.07746742511536642,0.06525931875107431,0.015612714760314369,0.06325079104497557,0.01030255008118678,0.014474993946081179
sticker_detection,fasterrcnn_resnet50_fpn,0.3,0.010465281457928466,0.008296871046871,0.018649823385117434,0.0458836652954192,0.008831294529823867,0.008216664792765832,0.010588259531698632,0.9313763472733299,0.9869928696506322,0.0425501236530648,0.02320637652710107,0.04255007892327423,0.0425501236530648,0.0425501236530648,0.030167814873697168,0.010069433416445233,0.029285372814075162,0.010246579458594333,0.014678072150193297,0.023602651881835936,0.012936733886397513,0.036112543146825646,0.01609466786061844,0.018514971626825652,0.012322037754204469,0.02146424554279779,0.12041631143875418,0.011425276602875246,0.09165609486046927,0.04876342578611555,0.09165598809130784,0.09165609486046927,0.09165609486046927,0.05364703409922809,0.016325739846518396,0.052067338352496724,0.021623638645362576,0.020254535694108462
sticker_detection,fasterrcnn_resnet50_fpn,0.35,0.0103065197550491,0.008386257176698301,0.018567609343344598,0.04971671256794763,0.0096373278358572,0.008857856774465865,0.011784166807129301,0.9409045883664388,0.9882576852048937,0.039766384031089834,0.022265447933960434,0.039766354902958205,0.039766384031089834,0.039766384031089834,0.03224297827238997,0.010808417665184934,0.031292356117124664,0.009540938086002365,0.014463711179452965,0.022699875307961293,0.016102705357570194,0.038254350961616,0.020093889570216024,0.022795376200595546,0.016336123211455018,0.026644849494129978,0.10713174671376771,0.01114867677189563,0.07787557353496515,0.04277248312492624,0.07787550840363726,0.07787557353496515,0.07787557353496515,0.06635129215593705,0.01951085349977909,0.06411644399783621,0.018514820002497184,0.031405987402696185
sticker_detection,fasterrcnn_resnet50_fpn,0.4,0.009549564270152466,0.009541630916630834,0.018811666708725465,0.051618491954585434,0.009549564270152466,0.009079242693720966,0.011999777677677534,0.9493835532833078,0.9892569074442026,0.03249999999999994,0.017837490871866733,0.0324999688541587,0.03249999999999994,0.03249999999999994,0.031851410233763096,0.011222775990475034,0.030943347245272933,0.010605785997590335,0.013916223094442867,0.021397145095639124,0.01462945966834591,0.03494897974888034,0.017301894774101663,0.021397145095639124,0.015189026630681187,0.026097801753324355,0.08818370743538718,0.009975653401645619,0.06998702565877718,0.03839707799286827,0.06998695895101197,0.06998702565877718,0.06998702565877718,0.05483685120506161,0.016694516576695486,0.053181518936006617,0.014480479648267154,0.02113566890953584
sticker_detection,fasterrcnn_resnet50_fpn,0.45,0.013622276688453136,0.013215361329331867,0.0267235731610731,0.05875101531547124,0.013622276688453136,0.011240866903219598,0.015916014774201532,0.9582383225495447,0.9896460752747515,0.046454248366013064,0.0254223757367311,0.04645420656106767,0.046454248366013064,0.046454248366013064,0.04286080197844897,0.0156348445385331,0.04119820425599207,0.012996491474971167,0.020472437069193068,0.029383412935646697,0.013427514738220698,0.04204696838727623,0.02181737388436476,0.029383412935646697,0.017884711433685353,0.03202284104827778,0.07168935928800473,0.007496053861640796,0.10488872836110578,0.056838020628157675,0.10488862986528319,0.10488872836110578,0.10488872836110578,0.045848077325040905,0.020390227933632446,0.04423477168699989,0.014838142696382605,0.04432385262122834
sticker_detection,fasterrcnn_resnet50_fpn,0.5,0.013944996467055201,0.016138198840404665,0.02974806039879563,0.0618898600157681,0.013944996467055201,0.012200820794378736,0.016656276630651435,0.9627542067017972,0.9908708033319629,0.051815933580639434,0.028832836213539364,0.051815896178819536,0.051815933580639434,0.051815933580639434,0.04590101130542299,0.016508702494348004,0.04404142008201047,0.010109817598071667,0.018647000578804765,0.028551166391580132,0.02512689810387778,0.04958496537522386,0.020447164954059724,0.028551166391580132,0.018800536345556437,0.03278537723160434,0.05973833149886884,0.007734769538953507,0.11094920771612317,0.06170684845822045,0.11094912254581048,0.11094920771612317,0.11094920771612317,0.07817660498066324,0.02465887348301898,0.0749734953690973,0.014042096198508226,0.021912323663716267
sticker_detection,fasterrcnn_resnet50_fpn_v2,0.1,0.009335270012789366,0.006369632423120733,0.0155789765099842,0.029732164926450238,0.0075452770600057005,0.0069247947667070665,0.008958425091082333,0.8467364631727469,0.9773852788449696,0.0316020671834625,0.016609801003581465,0.0316020452063106,0.0316020671834625,0.0316020671834625,0.02210419722047623,0.007117165201415666,0.021611264224297964,0.008095813310434434,0.012177223483294733,0.02128628028703636,0.01921239482470578,0.033455011747323564,0.01722923671611057,0.016236916744839028,0.013923400287579268,0.019040950805937623,0.2848632128624535,0.021395629400717348,0.07303064932302483,0.036946559714473644,0.0730305803900458,0.07303064932302483,0.07303064932302483,0.06838583900641639,0.017981703970805476,0.06743431296187286,0.018286623099065306,0.027600557145905095
sticker_detection,fasterrcnn_resnet50_fpn_v2,0.15,0.0105705974473416,0.006380657401587567,0.016706810404484768,0.035826372217586167,0.0105705974473416,0.009888673260848167,0.012435286028967965,0.8763567156836984,0.9800341159443587,0.032031007751937936,0.01766523391447693,0.032030977704791,0.032031007751937936,0.032031007751937936,0.023763111949158398,0.0078768608184182,0.023313612070682267,0.0058952204634044325,0.0058091866553967005,0.023573779873831916,0.016326101153356604,0.03532254018521451,0.02311310820079319,0.023573779873831916,0.018968435062944235,0.02694455364767654,0.22723856625642364,0.01788028544984094,0.07130605576534985,0.038582808012155904,0.07130597712295861,0.07130605576534985,0.07130605576534985,0.06306515390177166,0.018832939195893267,0.061615530386724446,0.020223859446081353,0.02139271154925134
sticker_detection,fasterrcnn_resnet50_fpn_v2,0.2,0.0124060527758202,0.0065209302325581,0.018684319384319335,0.040100688202163205,0.0124060527758202,0.011912514636802768,0.014717596221014068,0.8972893438452253,0.9829045181938199,0.03681653746770023,0.0200569968651144,0.03681650031648313,0.03681653746770023,0.03681653746770023,0.026418604651162733,0.008731632625764133,0.0256380193607063,0.0058964522860141,0.009712434798428433,0.02839172318889616,0.018814926052155793,0.04027652704814969,0.0265939671818043,0.02839172318889616,0.02082133038375254,0.031755803287934134,0.19056632577269725,0.015623339666967096,0.08292832715120407,0.04382729759986554,0.08292822748004854,0.08292832715120407,0.08292832715120407,0.06988786850155894,0.020510066355656584,0.06766606293993598,0.013487529578933222,0.024313665905553707
sticker_detection,fasterrcnn_resnet50_fpn_v2,0.25,0.013942891446767367,0.009547214323958433,0.023087546400724666,0.0442140607962418,0.013942891446767367,0.014076151086049668,0.016573225011234632,0.9162906178621156,0.9835317139608594,0.04020155038759684,0.022711455303871933,0.0402015157942223,0.04020155038759684,0.04020155038759684,0.03233410154340383,0.011466893150425332,0.03158761889070007,0.0089636117028876,0.014039577387349234,0.030712282253815563,0.025900505698475112,0.0480539431374055,0.028089174030430267,0.030712282253815563,0.025705121540330916,0.03538256671855562,0.15440292096791558,0.011928752819224763,0.08891173075701277,0.04904521244716517,0.088911640979476,0.08891173075701277,0.08891173075701277,0.08469030718388641,0.0256560101098996,0.08246752505056869,0.019357612259860026,0.034389345158397464
sticker_detection,fasterrcnn_resnet50_fpn_v2,0.3,0.016441915276798967,0.0108622133761668,0.02712906684999707,0.04838371064252859,0.016441915276798967,0.017692586921522164,0.0195458335341885,0.9284503246963066,0.9847260093654224,0.051616709732988764,0.030077959073491266,0.051616660324720766,0.051616709732988764,0.051616709732988764,0.03486989314896286,0.012169396855113167,0.034087527050388367,0.009528106878803733,0.0151551726213484,0.03606893790401126,0.024693603238373073,0.0564318301732684,0.030304820818602873,0.03606893790401126,0.031066527314128425,0.041132858237234934,0.12722660922524617,0.011280433526203736,0.11337322164083498,0.06492018825775323,0.11337309992503544,0.11337322164083498,0.11337322164083498,0.08981412879500401,0.025298565304972036,0.08712978906088395,0.01505927550693923,0.030614941884169244
sticker_detection,fasterrcnn_resnet50_fpn_v2,0.35,0.019532406825430032,0.009934293762200667,0.02910068606812787,0.052294163412045035,0.017568582536024335,0.0192960350022575,0.020208674018605034,0.9392366654700853,0.9870009984040009,0.06063477430919286,0.036076384436194764,0.06063470656139083,0.06063477430919286,0.06063477430919286,0.0367561980585236,0.011942205591330267,0.035563280349155464,0.010357422384660022,0.0174622763464637,0.041320711000555406,0.024613030049299673,0.060802468400109555,0.030158159695564478,0.037260894443884564,0.02742852038191653,0.040630078178351015,0.1056597508040941,0.009653689079444413,0.12765137561574708,0.0756872725224397,0.1276512258386435,0.12765137561574708,0.12765137561574708,0.0937527910199697,0.027526817554311175,0.09037627556391077,0.02503343446374456,0.041427965150850274
sticker_detection,fasterrcnn_resnet50_fpn_v2,0.4,0.020722715597909367,0.011512091160928333,0.03160030112665766,0.055367734354732336,0.0186813719286587,0.021831648353673832,0.021762258874084034,0.9474323194149181,0.9866573365298866,0.06283115673813343,0.03846556926779147,0.06283108028383623,0.06283115673813343,0.06283115673813343,0.03797583630141766,0.0128688496862173,0.03640154308357127,0.011301392953793767,0.013582078020757468,0.04361273294668701,0.0313137875941347,0.06839203157781683,0.03205675029139463,0.039223484743598644,0.031411404916723604,0.044165833442599854,0.09461628529188985,0.007356814720862367,0.1324555923707382,0.0817895309909035,0.13245543297299261,0.1324555923707382,0.1324555923707382,0.09506962601483476,0.027303250221762134,0.09121812175685637,0.01863114081908899,0.023411002289073505
sticker_detection,fasterrcnn_resnet50_fpn_v2,0.45,0.021566481492062833,0.010812154014479533,0.03189565509332947,0.0581342541598965,0.0176115836766999,0.025136305300140337,0.021431109196486133,0.9574863767181597,0.9889610833567851,0.06364853225318336,0.039505579658576734,0.06364845737296877,0.06364853225318336,0.06364853225318336,0.03589566310496537,0.013286544966884667,0.035024181536600835,0.013609309385880999,0.020214686656005766,0.0456344988855411,0.027707523297151482,0.06306910287608529,0.02586832145207839,0.03636741503503141,0.028792773637643754,0.042112869035616646,0.07306637758806847,0.006685072984759785,0.13725644584304986,0.08195306494073863,0.1372562482286346,0.13725644584304986,0.13725644584304986,0.09650215600118331,0.028723368621145696,0.09332370055008911,0.025036668116187988,0.03257898228208507
sticker_detection,fasterrcnn_resnet50_fpn_v2,0.5,0.021147628883287733,0.0171670381344799,0.0377673030122642,0.0633243909135435,0.0200365177721766,0.03199289441231113,0.02498449264002736,0.9636811647060619,0.9900621475379854,0.06501304560374323,0.0401501609157899,0.06501297845349957,0.06501304560374323,0.06501304560374323,0.04883446236934603,0.016942874666943733,0.04638420170761883,0.013733020366387632,0.020143166267624732,0.04357893577809281,0.0328528833854084,0.07327493107288843,0.02855673214500113,0.041534415686868935,0.02871174738002032,0.04568108454317832,0.058022944935086876,0.005797653307798477,0.13547933723467265,0.08123024446204462,0.13547917435342965,0.13547933723467265,0.13547933723467265,0.09257545128379122,0.0295787288898908,0.08798633155017052,0.01542228427686218,0.03395928991900203
sticker_detection,retinanet_resnet50_fpn,0.1,0.004615861992022933,0.0026326481280041004,0.007199490512183967,0.0193117630525813,0.004615861992022933,0.006657115348664467,0.006098035127571799,0.7614562136061825,0.9718218417318125,0.018347139709368732,0.016662657834433565,0.018347108343589602,0.018347139709368732,0.018347139709368732,0.010930744986472533,0.008682235376085434,0.010917023633877634,0.0023647652907021668,0.0012089350067524,0.010831300735900743,0.0018672479335816727,0.008797832996108689,0.007993763556983132,0.010831300735900743,0.010489786238353204,0.010260752780648563,0.30178233261247267,0.025551855204013305,0.030199478807328796,0.02588538916390541,0.03019943475046746,0.030199478807328796,0.030199478807328796,0.005389759606407308,0.010000480253323773,0.005393006145856534,0.005830557347526859,0.004079176875505586
sticker_detection,retinanet_resnet50_fpn,0.15,0.004477449585808701,0.0039386600222513,0.0083323842418269,0.0227435182311628,0.004477449585808701,0.0076821784947454,0.005757304562879734,0.8241633884305637,0.9771029803089489,0.0182202326165174,0.016309439596252532,0.018220198449556635,0.0182202326165174,0.0182202326165174,0.0152692940618637,0.012605504241968832,0.015258500911951066,0.0047678020865547675,0.0072050434755575,0.009385862169023804,0.010083634190792024,0.008922099004643302,0.005718098446709516,0.009385862169023804,0.009369901435223538,0.009026151236818335,0.2342948009374655,0.018887795857413816,0.025327859633568428,0.020686305541989514,0.02532781621687179,0.025327859633568428,0.025327859633568428,0.03534330761588959,0.03145086014929505,0.03529921761043764,0.0072648795363232654,0.012225037553559205
sticker_detection,retinanet_resnet50_fpn,0.2,0.0043839543878243,0.004718294145538667,0.009102248533363033,0.02635537495782303,0.0043839543878243,0.007905721458069467,0.006155982301684633,0.8653781226747898,0.980812669827141,0.012251415502189436,0.0114867236330657,0.0122513960358411,0.012251415502189436,0.012251415502189436,0.01631592893202793,0.0114178457024411,0.01625342262180793,0.0009298195670151137,0.0028283788783941334,0.005728156756317622,0.010350402831460034,0.00518836528624033,0.004439655534097097,0.005728156756317622,0.005037376774099334,0.005551995988608782,0.21119847647045917,0.017287045058401184,0.006941221699159761,0.008119318351412162,0.006941233652313291,0.006941221699159761,0.006941221699159761,0.03356541441150742,0.030036731497483565,0.03352684097931531,0.0020639064591726334,0.006900990815268637
sticker_detection,retinanet_resnet50_fpn,0.25,0.005434877602060233,0.005027838541770367,0.0104136965359875,0.030499717754824168,0.005434877602060233,0.010357566210088001,0.008315462285748034,0.8960782794388576,0.981467490651811,0.0193066131146626,0.017572854930681767,0.0193065781710193,0.0193066131146626,0.0193066131146626,0.01778121775025793,0.013129715331594965,0.018414769174408867,0.005553196112571834,0.008888818110159133,0.009919861675511775,0.009084934267636381,0.004404165772739202,0.007834586591265137,0.009919861675511775,0.01025459523447201,0.011506915572439793,0.16164262957919734,0.012848713610524323,0.018681804167181813,0.015222456138685033,0.01868177971086123,0.018681804167181813,0.018681804167181813,0.029764236233307963,0.028519295646735342,0.02829196971606323,0.009588370511494465,0.016214651851408066
sticker_detection,retinanet_resnet50_fpn,0.3,0.006300635000325366,0.006156715096343534,0.012457350096668934,0.0343051120515349,0.006710135409825766,0.010911376668247333,0.008700985687317166,0.9137941596170145,0.9853226309658294,0.02234819959278157,0.019958207155649197,0.022348164078312537,0.02234819959278157,0.02234819959278157,0.0233468209474401,0.0188557230549239,0.023875003382976667,0.008626124809157634,0.013968044277083666,0.01868172718887579,0.013189475785289008,0.012551378546488655,0.012635006602303406,0.018008974823760845,0.014464680624437655,0.019408044003336712,0.14553436230916664,0.013183518863366056,0.05317712937848298,0.045614850507322224,0.05317705889563111,0.05317712937848298,0.05317712937848298,0.05168927256509002,0.046580920826807974,0.05043274400091538,0.008787604788716721,0.02269050972230785
sticker_detection,retinanet_resnet50_fpn,0.35,0.0050603854628622,0.008113004645512366,0.013161206872507132,0.036480459015395574,0.0050603854628622,0.011337846276767899,0.008262156601748033,0.9282715394891309,0.9846558684401246,0.017875770507349436,0.015876071308083498,0.017875739587214,0.017875770507349436,0.017875770507349436,0.0263231940476522,0.019755566365078,0.026725356839820663,0.008134240351017534,0.0139655615557134,0.009898699753799863,0.011774373238192961,0.004152212599630347,0.008336599299258977,0.009898699753799863,0.010020201456603671,0.010199992282950859,0.11854583585862566,0.01072423250268265,0.015758916771046273,0.010912037046590332,0.015758896739188257,0.015758916771046273,0.015758916771046273,0.04266716136545283,0.03597808027466634,0.04182544208277552,0.015171667499262033,0.003688863139508196
sticker_detection,retinanet_resnet50_fpn,0.4,0.005356327689918967,0.0069058244445240995,0.0121455649590324,0.039777246529521165,0.005356327689918967,0.0120914344012131,0.008725683263469399,0.9417944730297926,0.9881861565497413,0.017721669037458435,0.016236557666062898,0.0177216411770123,0.017721669037458435,0.017721669037458435,0.0219338339887875,0.0175942757652072,0.022182575601359666,0.0103959581931685,0.012999295305694667,0.010137209778829778,0.004729663541894447,0.005228562010444634,0.014603776408415314,0.010137209778829778,0.012574865427140666,0.01141666496014713,0.09501255299445721,0.009809595855050935,0.021941986817353272,0.019945407433885065,0.021941980801653643,0.021941986817353272,0.021941986817353272,0.01518561125635654,0.023939075803934482,0.014572977247308739,0.014984451228148395,0.02094020955842174
sticker_detection,retinanet_resnet50_fpn,0.45,0.007448783923242067,0.0086617300626588,0.015894043645591566,0.04624364513876147,0.007448783923242067,0.0160491100859101,0.012050901271402834,0.9535373272559134,0.9893968680667674,0.02647686386076473,0.024163857596121403,0.0264768210027219,0.02647686386076473,0.02647686386076473,0.0276119618070082,0.023387207994486833,0.027714497653740035,0.0113740838604015,0.0183433016166787,0.01606110347195786,0.013062763941685032,0.013406127317444833,0.014131634327629308,0.01606110347195786,0.01874141007639561,0.016730586417692817,0.0827047283242411,0.009990952796562902,0.037998579603025655,0.032800680165486366,0.03799853862380852,0.037998579603025655,0.037998579603025655,0.04099411633888464,0.041076625548025214,0.04045627367773034,0.012761989673690178,0.016164994597769364
sticker_detection,retinanet_resnet50_fpn,0.5,0.009712076627711234,0.011413084911536866,0.02072004279821613,0.051741435572885734,0.0099900107678745,0.01832646426127257,0.014603924735749068,0.961628839987732,0.9905488326028351,0.03062714417203577,0.028336727875218664,0.030627105504148933,0.03062714417203577,0.03062714417203577,0.030885304809453364,0.025428249958693833,0.032259020612657396,0.011769803323646334,0.016258425481584033,0.019434108628638796,0.00660895468209416,0.01223885637961225,0.02103428441557902,0.01978505995390576,0.022251490177516996,0.021943088140213275,0.06554811204590882,0.00807085588814319,0.0543507790682311,0.0507873331688239,0.05435070537535093,0.0543507790682311,0.0543507790682311,0.017836938197577198,0.02427761953719221,0.016805902717765133,0.004716484149659234,0.006684241894732842
sticker_detection,retinanet_resnet50_fpn_v2,0.1,0.0023662551440329,0.0034442776109442335,0.0056870759648537,0.012210825636939667,0.0033159227603672,0.0032204042813571334,0.0030962613113329628,0.5811583635020123,0.9235854276927257,0.005555555555555533,0.0043822884114485,0.0055555476418513,0.005555555555555533,0.005555555555555533,0.0120954287620954,0.0094504565096044,0.012090064008274967,0.004433169051498467,0.0014787942473709333,0.010181174154630695,0.0045739709688214,0.013074738769816508,0.009143051916670078,0.014267264116355498,0.008738007893263037,0.010966246318657433,0.23721198162956855,0.05073384155560167,0.02390362627608959,0.01885546519583466,0.023903592226168467,0.02390362627608959,0.02390362627608959,0.03076766403321194,0.023533492056496286,0.030745575163829603,0.007121433607877106,0.0012160412068529054
sticker_detection,retinanet_resnet50_fpn_v2,0.15,0.007337059281503667,0.0039144700255811,0.0110046157268379,0.019422495253340267,0.008257789214579267,0.007236764824404667,0.0079605117273312,0.6574645092584296,0.9310564135795572,0.0212462462462462,0.017263648657720534,0.021246213321765166,0.0212462462462462,0.0212462462462462,0.012871204537871167,0.009274882776558134,0.013004959088988933,0.004588210349599601,0.0023776531117283665,0.025383236755971386,0.006029914948555934,0.027323671667289613,0.02332940175723806,0.02754915725366331,0.01884079856359482,0.025292493956869114,0.20436632992551057,0.05725387884767519,0.07388264215370628,0.05708422865561698,0.07388257012647473,0.07388264215370628,0.07388264215370628,0.03047968643427033,0.01986367863346853,0.02991097596908922,0.009264744816559652,0.004667498353156221
sticker_detection,retinanet_resnet50_fpn_v2,0.2,0.0065465465465465,0.0049966633299966335,0.011234567901234532,0.020680192001638134,0.007724997724997667,0.0070478802990232995,0.007505508108868966,0.7022457990024727,0.9354318777792133,0.017067067067067034,0.014065568848697066,0.017067048260674265,0.017067067067067034,0.017067067067067034,0.013908908908908868,0.011433391493423968,0.014077472800214699,0.0038801155700000666,0.0024496442781370333,0.022082610185722353,0.006790104800505549,0.02563928657618754,0.02011703013928975,0.025170847780461712,0.01658558028300259,0.021573959818411773,0.1700651399060116,0.062344634889636194,0.05949258467830812,0.04679054173531648,0.05949251684686402,0.05949258467830812,0.05949258467830812,0.031556460555262546,0.027884429234712873,0.03094458513616603,0.008598515901405647,0.007817631221523487
sticker_detection,retinanet_resnet50_fpn_v2,0.25,0.007678233789344867,0.006686964742520234,0.014241741741741698,0.023617268040854168,0.008318380108503535,0.007678173120093367,0.009025327091046533,0.7422480595547961,0.9388355044134422,0.022005338672005298,0.0179362274165314,0.022005309357973703,0.022005338672005298,0.022005338672005298,0.019494494494494433,0.013683249727620235,0.0191852619369066,0.004685734792206183,0.005818031413120733,0.026895634770296866,0.010710961810961005,0.035161240158274425,0.02458282691198872,0.02962629266495635,0.020354411785509285,0.026114286960313836,0.124035829337631,0.0652649973070682,0.08058354317703692,0.06326017491377366,0.08058344930094452,0.08058354317703692,0.08058354317703692,0.04507838265337587,0.02629642997736634,0.042745836944111514,0.01128598299649398,0.010667204222844652
sticker_detection,retinanet_resnet50_fpn_v2,0.3,0.008019130241352432,0.006545434323212067,0.014441107774441034,0.026301829577773234,0.008636414191969699,0.0091564907170408,0.0094668064534338,0.7717908955230289,0.9415927895460056,0.023356690023356667,0.019302420050926767,0.023356650086456866,0.023356690023356667,0.023356690023356667,0.020338393949505033,0.013374477078432666,0.020292200183684266,0.003562332520501567,0.0031278669173698662,0.027556894830849683,0.012179544623328766,0.03869456152701197,0.02479503112236612,0.030184590188895882,0.020516117824681022,0.027024913030594278,0.1106611626695171,0.06751247129301997,0.07839665743586437,0.06136944515260234,0.07839654802308733,0.07839665743586437,0.07839665743586437,0.053754858294223495,0.03343962284956592,0.05234519936529091,0.003285419140292057,0.002717151758023723
sticker_detection,retinanet_resnet50_fpn_v2,0.35,0.006919419419419367,0.007355549994438801,0.0139251751751751,0.027745909759866665,0.008298020242464633,0.008287368996849266,0.0088608958051858,0.794961887399518,0.9435824473186187,0.018893893893893832,0.015206414672993501,0.018893850846823764,0.018893893893893832,0.018893893893893832,0.021863530196863466,0.014772373093355134,0.020929196077070732,0.004688878019050933,0.007834434292165734,0.021032909320282945,0.012976721303640294,0.0322044059317212,0.01754880416645872,0.023582923768024268,0.014128213791114643,0.020167301514916067,0.09577147803496182,0.06989818410081006,0.055590550375192525,0.040332653252913256,0.055590459728238575,0.055590550375192525,0.055590550375192525,0.05360861371936962,0.03517210878852141,0.05073620243352376,0.010963155885612088,0.016654318417314358
sticker_detection,retinanet_resnet50_fpn_v2,0.4,0.009003447892336732,0.006911772883995067,0.015730035591146635,0.031231447210651932,0.0101351351351351,0.010884381262619232,0.010774590991015931,0.8129089497513088,0.9451933112701504,0.024708041374708,0.020703056627994265,0.024707994332138734,0.024708041374708,0.024708041374708,0.0231781781781781,0.016054704446012435,0.023089091483906334,0.0036301514196096,0.0029531802044524998,0.02138453088686022,0.012756299293647964,0.03208023624637521,0.019170884872519355,0.02272327552429979,0.013360654986219942,0.01977342117479589,0.07336696337444801,0.07196123571342382,0.06344174201718547,0.04728274398668655,0.06344166613649922,0.06344174201718547,0.06344174201718547,0.05601701959188983,0.0404467796906884,0.055748027997261564,0.004697130698755465,0.0036164981777264183
sticker_detection,retinanet_resnet50_fpn_v2,0.45,0.010192692692692601,0.0072162440217995,0.0171620231342453,0.03448715142769307,0.0110568902235568,0.011205277596625767,0.0117947125401466,0.8293552554489215,0.9465475539005596,0.028720387053720334,0.02399603293643443,0.02872033772568387,0.028720387053720334,0.028720387053720334,0.023073073073073033,0.016379906025995667,0.022122756239769267,0.006544595345841067,0.009701851415144567,0.032044671932769477,0.010490261061959296,0.03879754749218221,0.02652945189518424,0.03574332431456017,0.024288725062040446,0.033604100277437675,0.07326839077128712,0.07235866921316854,0.08692504639649065,0.06740034834565872,0.08692496483705212,0.08692504639649065,0.08692504639649065,0.03827564325682347,0.02581366171432563,0.034701056228190835,0.0020915675963319217,0.004194844688751346
sticker_detection,retinanet_resnet50_fpn_v2,0.5,0.011774552330107832,0.008405905905905868,0.019686631075519902,0.03822554945066443,0.012327925568666265,0.013778795251621631,0.013486235439628666,0.8428889732997303,0.9480495075154708,0.03183183183183177,0.026032114209059834,0.031831773580484134,0.03183183183183177,0.03183183183183177,0.024743493493493432,0.016690804111122868,0.024448781085814168,0.006764427269110334,0.011780657344246432,0.03515425948427085,0.01897141494331788,0.05196097338452874,0.027756475149798863,0.036138519521518586,0.025547732403018393,0.03582901312031608,0.07596402526546082,0.07410130391219151,0.09918475577583927,0.07498674137064078,0.09918461851038682,0.09918475577583927,0.09918475577583927,0.06335559456525697,0.03753141596197076,0.06188670833852375,0.010914829898055683,0.016678613359635375
sticker_detection,ssd300_vgg16,0.1,0.024067651502434066,0.4717343747651719,0.48317585720846595,0.13495169375970126,0.024067651502434034,0.03691102936169193,0.032174946715502965,0.9733593157817396,0.9323455218624911,0.04313944379161763,0.03564697096517007,0.04313938806276813,0.04313944379161763,0.04313944379161763,0.1806841227887285,0.12051789458106414,0.17501302893801363,0.07831577716531683,0.12548387285478665,0.08846668785515437,0.11118415870873946,0.15069668871315492,0.1215210687087344,0.08846668785515442,0.09694644283558788,0.09900592956227941,0.07547537508490973,0.12621711000038577,0.12701861406261272,0.10966081269977153,0.12701845491190344,0.12701861406261272,0.12701861406261272,0.013069361355747891,0.0013368265859867055,0.011543676173265556,0.011044309049064128,0.003784637705243879
sticker_detection,ssd300_vgg16,0.15,0.04056050564021573,0.5609064405486507,0.575957606293657,0.1914398053614875,0.04056050564021573,0.05780945502671156,0.05093610854395709,0.987128938481177,0.9691911615532156,0.06784044914479691,0.05669214567919543,0.06784036035252873,0.06784044914479691,0.06784044914479691,0.21252316311727157,0.13404300197942207,0.20420299484362023,0.06773922997031469,0.11938939602327303,0.1498817224839536,0.11191693591001206,0.1644940552829249,0.19051766635578218,0.1498817224839536,0.16183510095573295,0.16498934909631974,0.04299008786161545,0.09621415692703508,0.20639402224874767,0.17877922176501218,0.20639375849575395,0.20639402224874767,0.20639402224874767,0.010763982351665292,0.006137434143484323,0.008472316765422644,0.010253019306423306,0.012567889685612033
sticker_detection,ssd300_vgg16,0.2,0.056793115320289196,0.6224669842848658,0.6411186792646725,0.24064613170851903,0.053639962167136034,0.07172799110754517,0.06620783544963323,0.9856795919519499,0.9791330019275284,0.0918110501806153,0.07706238264038273,0.09181095248140415,0.0918110501806153,0.0918110501806153,0.23923770981510425,0.14397611212804626,0.22835061258335454,0.0618210552513912,0.11222815611713177,0.20314177375869463,0.10934349559038328,0.17104812779673226,0.22043068095408608,0.18957534219839473,0.19775896987772787,0.20495574442529851,0.05725801571319045,0.08193406583002985,0.26148529878017374,0.23156977274301202,0.26148500329861546,0.26148529878017374,0.26148529878017374,0.026223575273740023,0.0048535186801399776,0.022078027275629103,0.011470190094554043,0.007444114007299645
sticker_detection,ssd300_vgg16,0.25,0.08562364849321367,0.6657985384005233,0.6913166367265927,0.2833863923605267,0.07258310795267313,0.0931596885893831,0.08711071032618384,0.9890252163259099,0.9866268538697569,0.1328545937241589,0.11468967993935857,0.13285443342329248,0.1328545937241589,0.1328545937241589,0.25533279073121756,0.15222750725630016,0.24315089983955587,0.05603253604873679,0.11130892238137254,0.323180807253555,0.10410810769629565,0.19432980095421606,0.2742282607182511,0.2670783504850642,0.25831905166167163,0.273735283812821,0.04381083159879746,0.05086334239774379,0.42025057298711116,0.37705491196678464,0.4202500682268283,0.42025057298711116,0.42025057298711116,0.019048197999452572,0.009928120169659941,0.016741272724399615,0.006924358713981531,0.003340339593124444
sticker_detection,ssd300_vgg16,0.3,0.10690663567293997,0.6968689670033316,0.725369663814717,0.30750143096432214,0.0742564855227898,0.10415336582654262,0.0928967515277016,0.9820559183801242,0.9767426137835155,0.16007616311964132,0.13741143645204187,0.1600759813536836,0.16007616311964132,0.16007616311964132,0.25854306209469774,0.15624070170199428,0.24646382679464238,0.05502165529972037,0.10861930282583417,0.3797296041081011,0.09563525150830003,0.18935074318352216,0.2175555871860658,0.2392950746885756,0.2279161638084873,0.24101301583762272,0.07525584493840996,0.0944098793778816,0.4476824582181805,0.40161714313464886,0.4476819571443434,0.4476824582181805,0.4476824582181805,0.027918346284936498,0.002507643844186363,0.024264710251554123,0.0065982557965787525,0.00974292692460507
sticker_detection,ssd300_vgg16,0.35,0.1265291383516021,0.7233969839740899,0.7550505133227555,0.3178190353240249,0.05712223144469513,0.09516832049573858,0.0780798096500382,0.9712011567392683,0.9685241216422575,0.18365985550768152,0.15798293066023594,0.1836596461437131,0.18365985550768152,0.18365985550768152,0.26019737313620456,0.15714238765449934,0.24810765572308444,0.05617800965763786,0.1079237425612314,0.4542582056875038,0.07486430666554181,0.18182143246612997,0.14012442956146876,0.15563091715835778,0.15647338354366963,0.1612710251042645,0.12230606311349106,0.12914548693264719,0.5288497702407409,0.4685078265756808,0.5288492217599013,0.5288497702407409,0.5288497702407409,0.06054163095353349,0.010243288630086165,0.05365294169940325,0.012229366882170445,0.01399062365674052
sticker_detection,ssd300_vgg16,0.4,0.14846868840890579,0.7439107057330334,0.7796881832548669,0.3544856557402321,0.07400922894944624,0.1129805628076761,0.09686685570101966,0.9705061570801826,0.9681694878192655,0.21604697088392733,0.1890714222240246,0.21604673185913328,0.21604697088392733,0.21604697088392733,0.2518024626847664,0.15540247320100595,0.24082178243529792,0.05834146338972817,0.10774329830500007,0.4939808979905488,0.06465420109790915,0.1753338666749948,0.13330050471394234,0.17360772600186544,0.15965500107081884,0.16872007329249952,0.1257376100875728,0.133464438506837,0.5633694886500464,0.4956850865431742,0.5633688879921377,0.5633694886500464,0.5633694886500464,0.05919654906629038,0.013449317397394195,0.05325610885135189,0.009941359204799768,0.0066731563025432
sticker_detection,ssd300_vgg16,0.45,0.17429439765852803,0.757924312940915,0.7985314100168246,0.3872195030971228,0.09295185946816374,0.13470729913280546,0.11835178322729016,0.9663271126750127,0.9626217741670905,0.23506528267397828,0.20972263387445614,0.23506501924026516,0.23506528267397828,0.23506528267397828,0.23834302251501502,0.1517209941047346,0.22862904326125175,0.06290781338304254,0.10915152579071123,0.5507656356436317,0.053856747846802,0.1734273437375026,0.14189750698018555,0.20816377248854717,0.17168970078371565,0.19820511397923088,0.14396237569067302,0.15679031782117495,0.6183676618689807,0.5452414335316758,0.6183669949650725,0.6183676618689807,0.6183676618689807,0.07858796112957313,0.01941410479006411,0.0704653133836587,0.014723726239196818,0.009452421424317186
sticker_detection,ssd300_vgg16,0.5,0.21221119333619332,0.7679762562891229,0.8165207920531737,0.4149043815113171,0.11419709227861392,0.1564516439356724,0.13850182650930334,0.9535161841805723,0.9495759436296402,0.2843213866039952,0.2566999805507912,0.2843210689631523,0.2843213866039952,0.2843213866039952,0.2245317952711122,0.1483985635480337,0.2160626649132729,0.06596176013107265,0.10975599930614821,0.546717425352243,0.04405476911113428,0.1606889957693041,0.06743553633785165,0.13652652834361448,0.11403097651512176,0.1257967838545236,0.19878681683202087,0.2098960378601036,0.5875416399467649,0.5202358982636562,0.5875409539867521,0.5875416399467649,0.5875416399467649,0.07551415770813354,0.02113674356520984,0.0684777305749758,0.014455402853429231,0.007541696037047397
